TITLE,DESCRIPTION,PRICE,CURRENCY_CODE,QUANTITY,TAGS,MATERIALS,IMAGE1,IMAGE2,IMAGE3,IMAGE4,IMAGE5,IMAGE6,IMAGE7,IMAGE8,IMAGE9,IMAGE10,VARIATION 1 TYPE,VARIATION 1 NAME,VARIATION 1 VALUES,VARIATION 2 TYPE,VARIATION 2 NAME,VARIATION 2 VALUES,SKU,CATEGORY
Sword Through Finger Magic Trick: Laser Cut Files (SVG DXF),"Instantly download these laser cutting files or search my other listings to have the physical item posted to you. Magically push a wooden sword right through your finger with this secret contraption. There is a secret mechanism to achieve this illusion. Download the SVG or DXF files for laser cutting and follow PDF assembly instructions. This gimmick is a fun craft project for kids and adults and an entertaining addition to your magician's performance. The 2.8mm file will suit wood between 2.5mm - 2.8mm wood. The 3.2mm file will suit wood between 2.9mm - 3.2mm wood. The files have a small 0.05mm kerf offset. You can add more if your laser kerf is larger and the fits are loose. Most parts should clip together without glue. A small amount of PVA or super glue is needed. Please contact me for a commercial license.

See all Magic Tricks in my Etsy store here
https://contraptioncart.etsy.com?section_id=55798303

To keep up to date with my upcoming designs, please follow me on instagram @contraptioncart",12,AUD,723,"sword_through_finger,knife_illusion,mechanical_model,craft_project,executive_toy,mystery_box,puzzle_box,magic_dagger_trick,magician_gimmick,Stem_project,card_trick,laser_cutting_files,wooden_toy",,https://i.etsystatic.com/25031074/r/il/f18e31/7352315017/il_fullxfull.7352315017_lnpb.jpg,https://i.etsystatic.com/25031074/r/il/edaf3c/7304361898/il_fullxfull.7304361898_anki.jpg,https://i.etsystatic.com/25031074/r/il/1a38a5/7304361938/il_fullxfull.7304361938_98n0.jpg,https://i.etsystatic.com/25031074/r/il/aeee75/7304361952/il_fullxfull.7304361952_shar.jpg,https://i.etsystatic.com/25031074/r/il/7c3974/7304361934/il_fullxfull.7304361934_ihra.jpg,https://i.etsystatic.com/25031074/r/il/a15b41/6299155720/il_fullxfull.6299155720_jwcr.jpg,https://i.etsystatic.com/25031074/r/il/f607a6/6299155692/il_fullxfull.6299155692_ll66.jpg,https://i.etsystatic.com/25031074/r/il/3a2bc5/7352315069/il_fullxfull.7352315069_idud.jpg,https://i.etsystatic.com/25031074/r/il/d0aa2e/7266685368/il_fullxfull.7266685368_4225.jpg,,,,,,,,1,magic tricks
"Mini Cryptex Puzzle Box Laser Cut Files, SVG DXF PDF, Spell and Spin learning toy","These are digital download plans. See my other listings for the posted version. 
This is a mini version of the famous Cryptex puzzle from the Davinci Code. Turn the dials to build different words. Find the secret word to open the drawer to the puzzle box. This box doubles as a fun learning tool for early readers, allowing them to explore the effect of swapping letters in simple words. 
My goal with this design was to offer a cryptex that did not require a huge amount of pieces and time to assemble. It can fit within a 200mm x 300mm sheet. I also wanted a toy to encourage my 4 year old with her interest in letters. She has been enjoying reading simple words and making up her own. I have carefully selected which letters to put on each dial such that many 3 letter words can be made. My 4 year old also loves treasure hunts, so a prize inside is a great motivation to create the correct word. You can choose where to place the tiles in order to set your own solution word. If your fits are tight enough then you can avoid glue, allowing you to reset the word to a different one. There are 125 possible combinations, so even an adult will need some time to solve it.
The files suit 3.2mm wood but should work down to 2.8mm without scaling. For better fits or wood greater than 3.2mm, you can scale the file to suit your wood thickness. If you want to use it as a ring box, you can scale it up to suit 4mm wood. It should then be large enough to fit a ring.
You will receive svg, dxf, pdf and lightburn files. The pdf has assembly instructions.
Please contact me for commercial use.
Please follow me on instagram to keep up to date with my latest designs. @contraptioncart",10,AUD,944,"davinci_code,puzzle_box,wooden_puzzle,spelling_toy,educational_toy,escape_room,secret_box,ring_box,laser_cut_files,engineering,mechanism,stem,Montessori",,https://i.etsystatic.com/25031074/r/il/4d4af1/7431628092/il_fullxfull.7431628092_pq2y.jpg,https://i.etsystatic.com/25031074/r/il/401962/7479523003/il_fullxfull.7479523003_nnoi.jpg,https://i.etsystatic.com/25031074/r/il/a2e37b/7479523087/il_fullxfull.7479523087_l2b8.jpg,https://i.etsystatic.com/25031074/r/il/4be09d/7431604986/il_fullxfull.7431604986_bziy.jpg,https://i.etsystatic.com/25031074/r/il/5253df/7431605002/il_fullxfull.7431605002_mubi.jpg,https://i.etsystatic.com/25031074/r/il/c56715/7431604994/il_fullxfull.7431604994_jkz0.jpg,https://i.etsystatic.com/25031074/r/il/45212d/7431605022/il_fullxfull.7431605022_c8r8.jpg,https://i.etsystatic.com/25031074/r/il/e0df70/7479523077/il_fullxfull.7479523077_i7lf.jpg,https://i.etsystatic.com/25031074/r/il/4e7651/7479523045/il_fullxfull.7479523045_eauu.jpg,,,,,,,,2,puzzle boxes
Slide Picture Puzzle Box Kit Davinci's Vitruvian man,"Solve the picture to open the box.
(This is a physical kit. Please see my other listings for the digital plans)

We have all toiled over these slide picture puzzles as kids, only to find ourselves
stuck with one little piece impossible to get into the correct position without undoing
all of our hard work. As an adult I feel I have finally put this conundrum to rest and
have discovered the secret method. I then set about designing a secret box
that can only be opened by solving one of these engaging little slide picture puzzles.
Here is the result. The secret method is etched on the wall panels. The image to
unscramble is Leonardo Davinci's famous Vitruvian Man.",40,AUD,8,"Puzzlebox,Vitruvian_Man,Laser_cut,Stem,Steam,Puzzle,Mechanism,Gift_for_men,Leonardo_davinci,Secret_box,Technical,Maker,Wooden_toy",,https://i.etsystatic.com/25031074/r/il/ccf267/4561367052/il_fullxfull.4561367052_lf6h.jpg,https://i.etsystatic.com/25031074/r/il/0e0f58/4561399410/il_fullxfull.4561399410_esz3.jpg,https://i.etsystatic.com/25031074/r/il/c217fb/4561399596/il_fullxfull.4561399596_1lqt.jpg,https://i.etsystatic.com/25031074/r/il/4b7ae5/4608757719/il_fullxfull.4608757719_434b.jpg,https://i.etsystatic.com/25031074/r/il/d684d7/4561399476/il_fullxfull.4561399476_prmd.jpg,https://i.etsystatic.com/25031074/r/il/a7828b/4608788363/il_fullxfull.4608788363_i7hq.jpg,,,,,Custom Property,Assembly,"Kit,Assembled",,,,4,puzzle boxes
"Mouse Maze Puzzle Box, wooden mystery Box","This is the physical product. See my other listings for the digital plans.
In order to open the box you must navigate the mouse to the center of the maze. This is done with a rotating disc and a sliding rod. 

Made from laser cut Birch plywood it comes fully assembled and glued or as a kit with all of the parts and assembly instructions. Please select your preference at checkout.",40,AUD,7,"wooden_puzzle,puzzle_box,puzzle,maze,laser_cut,mouse,trick,magic,secret,gift,gift_box,brain,labyrinth",,https://i.etsystatic.com/25031074/r/il/85639c/4250092607/il_fullxfull.4250092607_ktow.jpg,https://i.etsystatic.com/25031074/r/il/b4ba6b/4202437124/il_fullxfull.4202437124_7s5x.jpg,https://i.etsystatic.com/25031074/r/il/8df77e/4250092605/il_fullxfull.4250092605_6ytl.jpg,https://i.etsystatic.com/25031074/r/il/5efee0/4250092615/il_fullxfull.4250092615_4s91.jpg,https://i.etsystatic.com/25031074/r/il/8f5f60/4193962034/il_fullxfull.4193962034_bnun.jpg,,,,,,Custom Property,Assembly,"Assembled,Kit",,,,3,puzzle boxes
"Mechanical Calculator, Math and Science Toy, Wooden Mechanism, Model Engineering Kit","This is a working Mechanical Calculator using wooden gears. It is available fully assembled or as a kit with all of the parts pre-cut and ready to assemble yourself.
(Please see my other listings for these laser cut files to download.)
The design is based on the mechanical calculators that were used before the invention of electronic computers. The machine performs arithmetic using gears. You can add and subtract up to 4 significant figures. You can even use it to do multiplication and division. A great learning tool to demonstrate place value and the carry operation in arithmetic. It can be made in under 1 hour. Recommended ages 8 and up.
Follow me on instagram to keep updated on my latest projects. @contraptioncart",50,AUD,981,"mechanical_toy,math_toy,stem,mechanism,gadget,kes_adder,curta,dial_calculator,automata,office_toy,model_making,science,engineering",Plywood,https://i.etsystatic.com/25031074/r/il/49b9ec/7764225703/il_fullxfull.7764225703_iat4.jpg,https://i.etsystatic.com/25031074/r/il/8bcbb8/7716311712/il_fullxfull.7716311712_7nth.jpg,https://i.etsystatic.com/25031074/r/il/b74ba2/7716311710/il_fullxfull.7716311710_hv8t.jpg,https://i.etsystatic.com/25031074/r/il/874043/7295300476/il_fullxfull.7295300476_s13q.jpg,https://i.etsystatic.com/25031074/r/il/cc2b51/7343250081/il_fullxfull.7343250081_e9fq.jpg,https://i.etsystatic.com/25031074/r/il/1ab34b/7343249981/il_fullxfull.7343249981_i215.jpg,https://i.etsystatic.com/25031074/r/il/e3b5f2/7295300502/il_fullxfull.7295300502_jt9c.jpg,https://i.etsystatic.com/25031074/r/il/4e6580/7295300298/il_fullxfull.7295300298_mjcx.jpg,,,Custom Property,Assembly,"Kit,Assembled",,,,5,toys and games
"Woodchopper whirligig plans, laser cut files, scroll saw, svg dxf pdf","These are the digital plans. Please see my other listings for the physical product or kit.
Put this little Woodchopper out in the garden and watch him chop vigorously when the wind blows. Painted birch plywood, stainless steel and brass. Other wind whirligigs are available in my store.
Files are included for
3mm, 3,2mm, 3,4mm and 4mm plywood.
You will need the following parts to make this model, most of which I find on Ebay. Alternatively check the physical listing to purchase the metal hardware or plywood parts from me.

- plywood
- M3 x 16mm stainless steel machine screw
- 3mm Stainless steel rod
- 15A brass terminal block (to fit rod) x 3
- stainless steel wire 1mm (or galvanized tie wire)
- Brass eyelets 3.5mm ID 3.8mm OD x 4
- brass tube 4mm OD 0.4mm wall thickness  70mm long(To fit rod loosely)
- Brass tube 5mm OD 0.5mm wall thickness 50mm long
- M3 washer stainless steel x 5
- Eyelet flaring tool, I just use a nail with the head rounded in the grinder.
- Outdoor paint and primer if you want to protect it from the weather

If you make the shaft and push wires yourself you will need to bend the with a vise and pliers according to the plans

The sizes above can vary depending on what you can get hold of. As long as you have easy running fits between shafts, screws, tubes, and eyelets. You may need to widen the holes in the wood if your hardware is a different size than specified above.

The files come as DXF, SVG and PDF so parts can be laser cut or scroll sawed. Files come as exact sizes. To account for the laser kerf and give snug fitsyou will need to apply kerf offsets suitable to your machine and wood . 

To keep up to date on my files and projects, you are wellcome to follow me on instagram and facebook @contraptioncart",14,AUD,902,"wooden_puzzle,model,stem,craft,whirligig,automata,kinetic_art,scroll_saw,maker,karakuri,toy,woodchopper,laser_cut_files",,https://i.etsystatic.com/25031074/r/il/5f3d80/4182614388/il_fullxfull.4182614388_pzqy.jpg,https://i.etsystatic.com/25031074/r/il/bc7792/4182614394/il_fullxfull.4182614394_fcpq.jpg,https://i.etsystatic.com/25031074/r/il/0be624/4230272119/il_fullxfull.4230272119_99ns.jpg,https://i.etsystatic.com/25031074/r/il/b08489/4218904899/il_fullxfull.4218904899_tua4.jpg,https://i.etsystatic.com/25031074/r/il/7c85f0/4218916375/il_fullxfull.4218916375_kai3.jpg,,,,,,,,,,,,6,other
Cam Box laser cutter plans svg dxf,"This is a digital download not a physical posted kit.
This design was requested by a technology teacher to help her students learn and explore the effect of different cam shapes. There are slots on the followers to mount your own objects or characters.
The file come as a long 20cm version and a shorter 10cm version.
Files are to suit 3.2mm thick wood, and will need scaling if your wood is a different thickness. Please read the laser cutting instructions in the PDF to see how to cut the files correctly. SVG and DXF files included as well as pdf assembly instructions. Please contact me to ask about a commercial license.",12,AUD,912,"technology_teacher,stem,engineering,mechanism,automata,cams,science,education,robotics,wooden_puzzle,learning,build,laser_cut_files",,https://i.etsystatic.com/25031074/r/il/5212ba/5833507789/il_fullxfull.5833507789_ch6z.jpg,https://i.etsystatic.com/25031074/r/il/d9aebb/5785435886/il_fullxfull.5785435886_is3d.jpg,https://i.etsystatic.com/25031074/r/il/efb258/5785435890/il_fullxfull.5785435890_60vh.jpg,https://i.etsystatic.com/25031074/r/il/b2d08a/5785435894/il_fullxfull.5785435894_mvim.jpg,,,,,,,,,,,,,7,other
Hummingbird and Flower Automaton Laser Cut plans SVG DXF,"These are Digital plans.  Please see my other listings for the physical version of this design.

Turn the crank handle to watch the hummingbird flap its wings and lower its tail as it dips in and out of the flower.
This design uses a unique mechanism in the wings to give the hummingbird its elegant figure of eight flapping motion. 

You will receive digital plans to download in SVG, and DXF format, with detailed pdf assembly instructions.

The files are for 3.2mm (1/8th inch) thick wood. Please measure your wood with calipers. If your wood differs by greater 0.1mm then you will need to scale the file for good results. This ensures precise fits in the mechanisms. For example, if my wood is 3mm, I scale the file by 94%. 3÷3.2=0.94.

I have made these successfully from birch plywood and mdf. 
I try to achieve press fits, but any loose joints can be glued for security. Please read the laser cutting instructions included in the pdf before cutting. This will ensure correct accurate fits. Don't hesitate to message me if you need any help.
Please contact me for a commercial licence.",15,AUD,346,"Hummingbird,Automata,Kits,Wooden_gift,STEM_education,Craft,Maker,Model,Engineering,Robotics,Technology,Woodwork,laser_cut_files",,https://i.etsystatic.com/25031074/r/il/01063d/5695088708/il_fullxfull.5695088708_rwak.jpg,https://i.etsystatic.com/25031074/r/il/55508e/5743135137/il_fullxfull.5743135137_ra1z.jpg,https://i.etsystatic.com/25031074/r/il/46e065/5695084474/il_fullxfull.5695084474_ear0.jpg,https://i.etsystatic.com/25031074/r/il/f1ce33/5743135227/il_fullxfull.5743135227_gb8s.jpg,https://i.etsystatic.com/25031074/r/il/949c36/5695084472/il_fullxfull.5695084472_1nsh.jpg,https://i.etsystatic.com/25031074/r/il/8676eb/5743135233/il_fullxfull.5743135233_m9ju.jpg,,,,,,,,,,,8,automata
Magic Empty Box Laser Cutter Files SVG DXF,"These are digital files. Please contact me if you would like the physical kit.
This box allows you to perform a magic trick. The magician flips open 2 doors, allowing the audience to look right through the empty box. The magician shuts the doors and then tips the box over and magically pours out a large pile of colorful sweets onto the table. You could alternatively pull a handkerchief out from the top of the box or reveal any small enough item of your choice. You could also use the box to make items disappear. This secret gimmick will be revealed when you view the pdf instructions.

You will receive DXF and SVG files to use with your laser cutter as well as PDF  instructions on assembly and how to perform the trick.
The files suit 3mm-3.2mm wood. You may get away with as thin as 2.8mm before scaling is required. If your wood is thicker than 3.2mm you can scale the file to suit it. 
Please contact me if you would like a commercial license.",12,AUD,773,"magic,trick,puzzle_box,mystery,secret,maker,craft,project,stem,education,technology,DIY,laser_cut_files",,https://i.etsystatic.com/25031074/r/il/08527a/6018144899/il_fullxfull.6018144899_p5zp.jpg,https://i.etsystatic.com/25031074/r/il/6fd33e/6018142455/il_fullxfull.6018142455_dhxb.jpg,https://i.etsystatic.com/25031074/r/il/e84b2e/6018144829/il_fullxfull.6018144829_cysi.jpg,https://i.etsystatic.com/25031074/r/il/514db0/6018144763/il_fullxfull.6018144763_bike.jpg,https://i.etsystatic.com/25031074/r/il/0812e7/6018144787/il_fullxfull.6018144787_4nsx.jpg,https://i.etsystatic.com/25031074/r/il/e49420/5970064254/il_fullxfull.5970064254_7qx8.jpg,,,,,,,,,,,10,magic tricks
Magic Pencil Box Laser Cutter Plans SVG DXF PDF,"These are digital plans for laser cutting. Please see my other listings for the physical kit.
This box allows you to perform a magic trick. The magician slides the pencil into the box then effortlessly slides out the middle of the box, dividing the pencil into 3 pieces. The broken pieces can be removed for inspection then returned to the box. The middle is then pushed back into place and the pencil slid out restored magicaly back into one.

These plans suit 2.5mm to 3.6mm material. They come as svg and dxf files as well as pdf templates and assembly instructions.
Use the 3.2mm file for wood between 2.5-3.2mm.
Use the 3.6mm file for wood between 3.2-3.6mm.

Please contact me for commercial use.
The best place to keep up to date with my latest designs is to  follow me on instagram: search @contraptioncart",12,AUD,562,"magic,box,trick,pencil,puzzle,wood,secret,prop,magician,plans,toy,mystery,laser_cut_files",,https://i.etsystatic.com/25031074/r/il/a00cf2/6050321221/il_fullxfull.6050321221_1xu3.jpg,https://i.etsystatic.com/25031074/r/il/aab0e7/6002243558/il_fullxfull.6002243558_40hf.jpg,https://i.etsystatic.com/25031074/r/il/1af2a8/6050324747/il_fullxfull.6050324747_jyta.jpg,https://i.etsystatic.com/25031074/r/il/6a56ad/6050324819/il_fullxfull.6050324819_5bur.jpg,https://i.etsystatic.com/25031074/r/il/cc58bb/5939409963/il_fullxfull.5939409963_ctop.jpg,https://i.etsystatic.com/25031074/r/il/f03ec8/5891327482/il_fullxfull.5891327482_dwpn.jpg,https://i.etsystatic.com/25031074/r/il/e73d0e/5891327478/il_fullxfull.5891327478_h99m.jpg,,,,,,,,,,9,magic tricks
"Magic Drawer Box, Lasercut Files SVG DXF PDF, Wooden Production Box Illusion","These are digital files for instant download to use in a laser cutter. Please contact me for the physical posted item. 

This is a purely  laser cut version of the iconic drawer box magic trick. After showing the drawer empty, you can pull it back out to reveal the appearance of any small object you choose.

Files are provided for the following wood thicknesses:
2.8mm, 3.2mm, 3.6mm, 4mm
For other sizes you can scale the entire file to match your wood thickness.
Please read the pdf for assembly and performance instructions.
You will need to unzip the folder after downloading.

Please contact me for commercial use.",12,AUD,960,"magic_trick,wooden_magic,puzzle_box,magician_prop,laser_cut_files,lasercut_magic_trick,illusion,STEM_project,wooden_toy,wooden_box,magic_shop,mechanism,secret_box",,https://i.etsystatic.com/25031074/r/il/8edb68/7748820039/il_fullxfull.7748820039_pfre.jpg,https://i.etsystatic.com/25031074/r/il/0783f4/7748827809/il_fullxfull.7748827809_ji45.jpg,https://i.etsystatic.com/25031074/r/il/7e41ca/7700885754/il_fullxfull.7700885754_1blz.jpg,https://i.etsystatic.com/25031074/r/il/e03ad5/7700886978/il_fullxfull.7700886978_ab9v.jpg,https://i.etsystatic.com/25031074/r/il/64f625/7748823563/il_fullxfull.7748823563_euub.jpg,https://i.etsystatic.com/25031074/r/il/fe13ca/7700882158/il_fullxfull.7700882158_jck0.jpg,https://i.etsystatic.com/25031074/r/il/bd8f19/7748838067/il_fullxfull.7748838067_o49l.jpg,https://i.etsystatic.com/25031074/r/il/0d3d0c/7748838883/il_fullxfull.7748838883_qwxb.jpg,https://i.etsystatic.com/25031074/r/il/3b6c37/7700900894/il_fullxfull.7700900894_9lbq.jpg,https://i.etsystatic.com/25031074/r/il/bc96ec/7700903770/il_fullxfull.7700903770_a1qi.jpg,,,,,,,11,magic tricks
Musical Marble Tree Scroll Saw or Laser Cutter Plans PDF - SVG - DXF,"These are digital plans. See my other listings for the physical kit. 
Place marbles at the top and enjoy listening to them musically tinkle as they cascade down the petals. We used to sell these in our marble shop. Kids and adults always loved playing with them but they were quite awkward to take away. So I designed them to come as a flat pack with instructions for you to assemble. 
Assembled Size: 20cm x 20cm x 28cm
You will receive a pdf with the parts that can be printed to scale on A4 paper and cut with a scroll saw. 
You will also get dxf and svg files to use in a laser cutter. These come in two versions. There is a file with the exact sizes and a file with offsets that I found worked well in my laser cutter to account for the laser kerf.",10,AUD,978,"wooden_puzzle,laser_cut,marbles,toy,music,xylophone,rain_stick,make,craft,model,fun,child,scroll_saw",,https://i.etsystatic.com/25031074/r/il/61864a/3653840239/il_fullxfull.3653840239_jtlh.jpg,https://i.etsystatic.com/25031074/r/il/c7a337/3653754527/il_fullxfull.3653754527_fbeq.jpg,https://i.etsystatic.com/25031074/r/il/770bfb/3606139580/il_fullxfull.3606139580_tf0z.jpg,https://i.etsystatic.com/25031074/r/il/8a48bc/3653754355/il_fullxfull.3653754355_i677.jpg,,,,,,,,,,,,,12,toys and games
Fisherman whirligig plans - SVG DXF PDF - laser cutting - scroll saw,"These are the digital plans. Please see my other listings for the physical product or kit.
Put this little Fisherman out in the garden and watch him fish vigorously when the wind blows. Painted birch plywood, stainless steel and brass. Other wind whirligigs are available in my store.
You will need the following parts to make this model, most of which I find on Ebay. Alternatively check the physical listing to purchase the metal hardware or plywood parts from me.

- 3mm plywood
- M3 x 16mm stainless steel machine screw
- 3mm Stainless steel rod
- 15A brass terminal block (to fit rod) x 3
- stainless steel wire 1mm (or galvanized tie wire)
- Brass eyelets 3.5mm ID 3.8mm OD x 4
- brass tube 4mm OD 0.4mm wall thickness  70mm long(To fit rod loosely)
- Brass tube 5mm OD 0.5mm wall thickness 50mm long
- M3 washer stainless steel x 5
-Fishing line 40cm
- Eyelet flaring tool, I just use a nail with the head rounded in the grinder.
- Outdoor paint and primer if you want to protect it from the weather

If you make the shaft and push wires yourself you will need to bend the with a vise and pliers according to the plans

The sizes above can vary depending on what you can get hold of. As long as you have easy running fits between shafts, screws, tubes, and eyelets. You may need to widen the holes in the wood if your hardware is a different size than specified above.

The files come as DXF, SVG and PDF so parts can be laser cut or scroll sawed. Files come as exact sizes or with a small offset that I found worked well in my laser cutter to account for the laser kerf and give snug fits. You may need to use offsets that work best on your machine.",14,AUD,5,"wooden_puzzle,model,stem,craft,whirligig,automata,kinetic_art,dog,laser_cut,scroll_saw,maker,karakuri,toy",,https://i.etsystatic.com/25031074/r/il/c0af1b/4227293783/il_fullxfull.4227293783_o4l3.jpg,https://i.etsystatic.com/25031074/r/il/d896c2/4227293737/il_fullxfull.4227293737_j97t.jpg,https://i.etsystatic.com/25031074/r/il/510740/4227293803/il_fullxfull.4227293803_4yz2.jpg,https://i.etsystatic.com/25031074/r/il/b08489/4218904899/il_fullxfull.4218904899_tua4.jpg,https://i.etsystatic.com/25031074/r/il/7c85f0/4218916375/il_fullxfull.4218916375_kai3.jpg,,,,,,,,,,,,13,other
Dog and Cat Running Automata Laser Cutting plans svg dxf,"These are Digital plans for downloading straight away. Nothing is posted. Please see my other listings for the physical kit.
These automata plans contain instructions and part files for laser cutting three separate hand cranked moving models. A running cat, a running dog and a running reindeer. It is a simple but interesting mechanism to watch.
Files suit 3.2mm wood and can be scaled if your wood differs by more than 0.1mm from this thickness. 
Please read the laser cutting notes in the pdf instructions prior to cutting for best results. Please contact me for a commercial license.",14,AUD,807,"wooden_puzzles,stem,automata,model_making,engineering,technology,dog,cat,machine,kinetic_art,sculpture,reindeer_automaton,laser_cut_files",,https://i.etsystatic.com/25031074/r/il/52b9a2/6440075241/il_fullxfull.6440075241_ltt6.jpg,https://i.etsystatic.com/25031074/r/il/347a0f/5741377836/il_fullxfull.5741377836_fd5l.jpg,https://i.etsystatic.com/25031074/r/il/116e27/5789451841/il_fullxfull.5789451841_dp7p.jpg,https://i.etsystatic.com/25031074/r/il/87a569/6391984120/il_fullxfull.6391984120_ds19.jpg,https://i.etsystatic.com/25031074/r/il/64f0f4/5789451843/il_fullxfull.5789451843_o1ks.jpg,https://i.etsystatic.com/25031074/r/il/1291ff/5741377892/il_fullxfull.5741377892_mo3z.jpg,https://i.etsystatic.com/25031074/r/il/60e936/5789451857/il_fullxfull.5789451857_ji9n.jpg,https://i.etsystatic.com/25031074/r/il/acb9d8/5789451849/il_fullxfull.5789451849_fp4d.jpg,https://i.etsystatic.com/25031074/r/il/889e75/5789451845/il_fullxfull.5789451845_5pug.jpg,,,,,,,,14,automata
Tortoise  Automata Kit - Wooden mechanical keepsake box,"Build your own mechanical counting pet Tortoise. Wind the handle to make him walk. His legs wiggle and his head looks side to side. With every cycle around his enclosure he will increment the counting mechanism up or down by one number. His base is also a keep sake drawer so you can use the counting feature to keep track of how many items (sweats) you have in your collection. Or you could use him to keep track of your score in a game. The kit comes with all of the parts ready to be glued together. Some parts have color printed graphics, others you can paint yourself. This kit joins up like a puzzle piece to the other animals in the Gear Box Pets collection allowing them all to move in synchrony.",55,AUD,18,"tortoise,turtle,robot,automata,mechanical,sculpture,box,model,puzzle,STEM,engineering,toy,kinetic",,https://i.etsystatic.com/25031074/r/il/0afdd3/3230052300/il_fullxfull.3230052300_ewkv.jpg,https://i.etsystatic.com/25031074/r/il/7893ed/3230033922/il_fullxfull.3230033922_qqtx.jpg,https://i.etsystatic.com/25031074/r/il/a0083e/3230034656/il_fullxfull.3230034656_onr9.jpg,https://i.etsystatic.com/25031074/r/il/af24f0/3277724805/il_fullxfull.3277724805_1voe.jpg,https://i.etsystatic.com/25031074/r/il/d282ec/3230036548/il_fullxfull.3230036548_a5vz.jpg,https://i.etsystatic.com/25031074/r/il/0b58bc/3230039020/il_fullxfull.3230039020_fdy2.jpg,https://i.etsystatic.com/25031074/r/il/d9d886/3277733973/il_fullxfull.3277733973_phtq.jpg,,,,,,,,,,15,puzzle boxes
"Coke Can Magic Trick Box: Self-Working Illusion, DIY or Assembled","Make a Coke can appear out of thin air. In fact, any small item you choose can be made to instantly appear inside the empty box. This visual illusion can be performed in plain sight to a widely spread audience without even needing to close the lid. It is a self-working mechanism that can be performed with only a little practice. A performance tutorial video and written instructions are included. Build it yourself from the precut parts or purchase the fully assembled trick ready to go. You will need to find your own regular sized Coke can. Made from laser-cut birch plywood. Buy the kit to assemble yourself, or buy it ready assembled with black interior paint on 3 walls. I now also make a deluxe collector's edition. This comes fully assembled with 3 black painted interior walls, additional exterior ornamental panels and a clear protective coating over the wood.",50,AUD,7,"magic_trick,puzzle_box,magical_prop,diy_magic,magic_production_box,illusion_box,appearing_coke_can,laser_cut_kit,lasercut_magic_trick,wooden_magic_trick,tilt_box,tip_over_box,gimmick_box",,https://i.etsystatic.com/25031074/r/il/02f463/7151575797/il_fullxfull.7151575797_cs3t.jpg,https://i.etsystatic.com/25031074/r/il/2f7ecd/7050406362/il_fullxfull.7050406362_rnw3.jpg,https://i.etsystatic.com/25031074/r/il/a1d95c/7050292090/il_fullxfull.7050292090_8sky.jpg,https://i.etsystatic.com/25031074/r/il/c3f28c/7098370331/il_fullxfull.7098370331_hfsv.jpg,https://i.etsystatic.com/25031074/r/il/eb215a/7151648875/il_fullxfull.7151648875_2txh.jpg,https://i.etsystatic.com/25031074/r/il/3f603c/7118182922/il_fullxfull.7118182922_2qd5.jpg,https://i.etsystatic.com/25031074/r/il/01d8fb/7118182928/il_fullxfull.7118182928_lbwk.jpg,https://i.etsystatic.com/25031074/r/il/2ca5db/7166153393/il_fullxfull.7166153393_r78e.jpg,https://i.etsystatic.com/25031074/r/il/c8cb6e/7151570627/il_fullxfull.7151570627_pw5b.jpg,https://i.etsystatic.com/25031074/r/il/90a560/7151574227/il_fullxfull.7151574227_de6i.jpg,Custom Property,assembly,"kit,assembled,Collector&#39;s Edition",,,,16,magic tricks
Plans for Wooden Hummingbird pole pet automata SVG DXF PDF,"Build your own  little wooden flapping hummingbird. Pull the ball to watch him flap his wings and ascend the pole. These are digital files for you to laser cut or scroll saw the parts yourself.  He is also available as a physical kit in a separate listing. Parts slot together in under an hour, with no glue required. 

This mechanism uses two pulleys of different diameter. This means when tension is placed on the string, there will be more torque in one direction causing the spool to wind it's way up the pole as if by magic. Great as an educational toy or an elegant desktop sculpture.

You will also need 
- one 6mm dowel 370mm long
- one 3mm kebab skewer
- one meter of string, I use waxed cotton as it is durable and knots well
- PVA glue if any parts are loose

I have successfully laser cut these from Birch plywood and mdf. The dimensions are made to suit 3mm thick plywood and will need to be scaled if your wood is a different thickness. You will get DXF, SVG and PDF versions of the parts, as well as assembly instructions. I provide two files for you to play with. One is the exact sizes. If you want snug press fits you will need to try different offsets on your laser cutter to account for the laser kerf and your batch of plywood. The other file has press snap fittings and is offset by 0.05mm already. This one is more robust to variations in wood thickness and laser kerf. I have tried it with plywood ranging from 2.9 - 3.2mm and can get press fits without needing to adjust the file. If you scale the files or have different diameter dowels then you will need to adjust the hole sizes to suit.

Files are for personal use (or educational workshops)
Please do not share or resell the files. 
If you want to sell the finished item please contact me to discuss your use case. Thanks",14,AUD,14,"mechanical_sculpture,karakuri,kinetic_art,kinetic_sculpture,perpetual_motion,automata,automaton,toy,wooden_model,father,bird,laser_cut,gears",,https://i.etsystatic.com/25031074/r/il/1594f7/3932431940/il_fullxfull.3932431940_qg9d.jpg,https://i.etsystatic.com/25031074/r/il/00b375/3979887447/il_fullxfull.3979887447_rudc.jpg,https://i.etsystatic.com/25031074/r/il/2f7cf2/3979887369/il_fullxfull.3979887369_p0lp.jpg,https://i.etsystatic.com/25031074/r/il/1db187/3932431896/il_fullxfull.3932431896_qvth.jpg,https://i.etsystatic.com/25031074/r/il/593018/3932431826/il_fullxfull.3932431826_9yuo.jpg,https://i.etsystatic.com/25031074/r/il/983413/3979887537/il_fullxfull.3979887537_khtb.jpg,,,,,,,,,,,17,toys and games
"Mechanical Calculator Laser Cut Files SVG, DXF, Math Toy, Wooden Mechanism","These digital download files allow you to laser cut and make a working Mechanical Calculator.
Nothing is posted, please see my other listings for the posted physical version.
The design is based on the mechanical calculators that were used before the invention of electronic computers. The machine performs arithmetic using gears. You can add and subtract up to 4 significant figures. You can even use it to do multiplication and division. A great learning tool to demonstrate the carry operation in arithmetic.
The download includes files for 2.8mm, 3.2mm, and 3.4mm thick wood, but any of those files can be scaled to suit different wood thicknesses.
The files are not to be redistributed. Please contact me to enquire about a commercial license to sell physical products made using the files.
Follow me on instagram to keep updated on my latest projects. @contraptioncart",12,AUD,961,"mechanical_toy,math_toy,technology_class,stem,mechanism,gadget,lasercut_plans,lasercut_files,kes_adder,curta,dial_calculator,automata,office_toy",,https://i.etsystatic.com/25031074/r/il/5b8d66/7716315962/il_fullxfull.7716315962_p0ag.jpg,https://i.etsystatic.com/25031074/r/il/f39eb8/7764254491/il_fullxfull.7764254491_jofd.jpg,https://i.etsystatic.com/25031074/r/il/3c3e7f/7764254495/il_fullxfull.7764254495_grxw.jpg,https://i.etsystatic.com/25031074/r/il/d80e7d/7295300478/il_fullxfull.7295300478_p7hs.jpg,https://i.etsystatic.com/25031074/r/il/874043/7295300476/il_fullxfull.7295300476_s13q.jpg,https://i.etsystatic.com/25031074/r/il/cc2b51/7343250081/il_fullxfull.7343250081_e9fq.jpg,https://i.etsystatic.com/25031074/r/il/1ab34b/7343249981/il_fullxfull.7343249981_i215.jpg,https://i.etsystatic.com/25031074/r/il/4e6580/7295300298/il_fullxfull.7295300298_mjcx.jpg,,,,,,,,,18,toys and games
"Wind Powered Bird Whirligig Kit, Birch Plywood Fantail, Kinetic sculpture","A wind powered fantail Whirligig bird. This is the physical kit. See my other listings for the digital plans. A strong wind will drive the turbine, which turns the mechanism to make the bird flap its wings. It comes premade and oiled or as a kit for you to assemble yourself. Birch plywood and stainless steel screws. Inspired by the sweet little Fantails in New Zealand where I grew up. It comes with a mounting stick that you will need to attach to a fence post or railing. Only put it out when the sun is shining as water will cause the wood to swell. I recommend putting it under a porch where it is not exposed to the rain.",50,AUD,3,"automata,bird,whirligig,stem,wind,kinetic,maker,laser_cut,karakuri,wooden_puzzle,model,fantail,sculpture",,https://i.etsystatic.com/25031074/r/il/0ebaf9/5142894636/il_fullxfull.5142894636_j9vj.jpg,https://i.etsystatic.com/25031074/r/il/481b74/5191114997/il_fullxfull.5191114997_btxx.jpg,https://i.etsystatic.com/25031074/r/il/b72394/5142895886/il_fullxfull.5142895886_1ol2.jpg,https://i.etsystatic.com/25031074/r/il/32943c/5142895764/il_fullxfull.5142895764_jgyx.jpg,https://i.etsystatic.com/25031074/r/il/b634b8/5142895830/il_fullxfull.5142895830_em4p.jpg,https://i.etsystatic.com/25031074/r/il/409170/5142895658/il_fullxfull.5142895658_agua.jpg,,,,,Custom Property,Assembly,"Kit,Assembled and oiled",,,,19,automata
"Hummingbird and Flower Automaton, Hand Cranked Mechanism","This is the physical kit.  Please see my other listings for the digital plans for this design.

Turn the crank handle to watch the hummingbird flap its wings and lower its tail as it dips in and out of the flower.
This design uses a unique mechanism in the wings to give the hummingbird its elegant figure of eight flapping motion. 
You will receive all of the parts plus detailed pdf assembly instructions.",50,AUD,7,"Hummingbird,Automata,Kits,Wooden_gift,STEM_education,Craft,Maker,Model,Engineering,Robotics,Technology,Woodwork,Laser_cut",Wood,https://i.etsystatic.com/25031074/r/il/7b783d/7499575608/il_fullxfull.7499575608_1yih.jpg,https://i.etsystatic.com/25031074/r/il/408677/7547512059/il_fullxfull.7547512059_d8i7.jpg,https://i.etsystatic.com/25031074/r/il/985087/7547512067/il_fullxfull.7547512067_k0y6.jpg,https://i.etsystatic.com/25031074/r/il/70e3e6/7499575602/il_fullxfull.7499575602_gvv1.jpg,https://i.etsystatic.com/25031074/r/il/6d3cf6/7547512051/il_fullxfull.7547512051_6lq4.jpg,https://i.etsystatic.com/25031074/r/il/7d6d64/7547512065/il_fullxfull.7547512065_3a75.jpg,,,,,Custom Property,Assembly,"Kit,Assembled",,,,20,automata
Magic Drawer Illusion Box – Vanish or Appear Objects Trick,"Magic Drawer Illusion Box – Vanish or Appear Objects Instantly

A beautifully crafted magic drawer illusion box that allows you to make small objects vanish or appear right before your audience’s eyes.

Open the drawer — it’s completely empty.
Close it.
Open it again — now it’s full.

Simple. Visual. Powerful.

✨ Easy to Perform – Instantly Repeatable

This illusion is designed to be:

Easy to perform (no sleight of hand required)

Self-working mechanics

Instantly repeatable

Perfect for beginners and experienced magicians alike

Ideal for close-up magic, parlour performances, social media videos, or as a unique desk curiosity.

🪵 Precision Laser Cut Birch Plywood

Made from high-quality birch plywood

Precision laser cut for clean, accurate parts

Etched with a striking three-arm herringbone pattern

Durable, lightweight, and built for repeated use

The geometric etched design gives it a modern yet mysterious aesthetic that looks beautiful on display.

🔧 DIY Kit or Fully Assembled

Choose your option:

DIY Kit – All parts precision cut and ready to assemble

Fully Assembled – Ready to perform out of the box

The kit can be assembled in under one hour. Parts are designed to fit cleanly; glue may be used for added durability.

🎁 Perfect For

Magic enthusiasts

Beginner magicians

Escape room props

Unique gifts

Puzzle and illusion collectors

Creative desk toys

Create moments of astonishment.
Make objects vanish. Make them appear. Repeat.

Ships carefully packaged from Australia.",50,AUD,9,"desk_toy,office_desk_toy,executive_gift,magic_desk_toy,wooden_desk_toy,conversation_piece,illusion_box,magic_trick_box,vanish_appear_box,mechanical_toy,brain_teaser_gift,unique_office_gift,handmade_wood_toy",Wood,https://i.etsystatic.com/25031074/r/il/8edb68/7748820039/il_fullxfull.7748820039_pfre.jpg,https://i.etsystatic.com/25031074/r/il/0783f4/7748827809/il_fullxfull.7748827809_ji45.jpg,https://i.etsystatic.com/25031074/r/il/7e41ca/7700885754/il_fullxfull.7700885754_1blz.jpg,https://i.etsystatic.com/25031074/r/il/e03ad5/7700886978/il_fullxfull.7700886978_ab9v.jpg,https://i.etsystatic.com/25031074/r/il/64f625/7748823563/il_fullxfull.7748823563_euub.jpg,https://i.etsystatic.com/25031074/r/il/fe13ca/7700882158/il_fullxfull.7700882158_jck0.jpg,,,,,Custom Property,Assembly,"Kit,Assembled",,,,21,magic tricks
Wooden Hummingbird pole pet automata,"Your own  little wooden flapping hummingbird. Pull the ball to watch him flap his wings and ascend the pole. 

He comes in kit form for you to slot together in about an hour, with no glue required. Digital files are also available as a separate listing if you want to laser cut or scroll saw the parts yourself. 

Made with quality laser cut Birch plywood. This mechanism uses two pulleys of different diameter. This means when tension is placed on the string, there will be more torque in one direction causing the spool to wind it's way up the pole as if by magic. Great as an educational toy or an elegant desktop sculpture.",49,AUD,9,"mechanical_sculpture,karakuri,kinetic_art,kinetic_sculpture,perpetual_motion,automata,automaton,toy,wooden_model,father,bird,laser_cut,gears",,https://i.etsystatic.com/25031074/r/il/2f7cf2/3979887369/il_fullxfull.3979887369_p0lp.jpg,https://i.etsystatic.com/25031074/r/il/00b375/3979887447/il_fullxfull.3979887447_rudc.jpg,https://i.etsystatic.com/25031074/r/il/1594f7/3932431940/il_fullxfull.3932431940_qg9d.jpg,https://i.etsystatic.com/25031074/r/il/1db187/3932431896/il_fullxfull.3932431896_qvth.jpg,https://i.etsystatic.com/25031074/r/il/593018/3932431826/il_fullxfull.3932431826_9yuo.jpg,https://i.etsystatic.com/25031074/r/il/983413/3979887537/il_fullxfull.3979887537_khtb.jpg,,,,,Custom Property,Assembly,"Assembled for you,kit",,,,22,magic tricks
"Dog Whirligig, Kinetic Wind Powered Garden Sculpture, DIY Kit or Fully Assembled","This is the Physical UNPAINTED kit. Please see my other listings for the digital plans.
Put this little dog out in the garden to watch him eat vigorously from his bowl when the wind blows. Contains all of the parts and instructions to build the model. Birch plywood, stainless steel and brass. Other wind whirligigs are available in my store.
You will need to glue, prime and paint with exterior paint to protect it from the weather.
Select the assembled and painted option at checkout if you do not want to make it yourself. (The painting is done by hand so may vary slightly from the picture.)

Length: 34cm
height: 19cm (not including turbine)
width: 5cm (not including turbine)
Turbine diameter: 27cm",75,AUD,1,"wooden_puzzle,model,stem,craft,whirligig,automata,kinetic_art,dog,laser_cut,maker,karakuri,toy,wind",,https://i.etsystatic.com/25031074/r/il/705fde/4218904869/il_fullxfull.4218904869_62e3.jpg,https://i.etsystatic.com/25031074/r/il/bc3045/4218904925/il_fullxfull.4218904925_igov.jpg,https://i.etsystatic.com/25031074/r/il/07c662/4218904967/il_fullxfull.4218904967_csof.jpg,https://i.etsystatic.com/25031074/r/il/b08489/4218904899/il_fullxfull.4218904899_tua4.jpg,https://i.etsystatic.com/25031074/r/il/7c85f0/4218916375/il_fullxfull.4218916375_kai3.jpg,,,,,,Custom Property,Assembly,"Kit,Assembled + Painted",,,,23,other
Bird Whirligig Plans DXF SVG Laser cut or Scroll saw,"A wind powered fantail Whirligig bird. These are the digital plans. See my other listings for the physical kit. A strong wind will drive the turbine, which turns the mechanism to make the bird flap its wings. Inspired by the sweet little Fantails in New Zealand where I grew up. It requires a mounting stick that you will need to attach to a fence post or railing. Only put it out when the sun is shining as water will cause the wood to swell.
I cut these from 3.2mm birch plywood. You will also need M3X12mm stainless steel machine screws, and 6mm dowel or steel rod to mount it on. You can scale the plans if your wood is a different thickness.",14,AUD,924,"automata,bird,whirligig,stem,wind,kinetic,maker,karakuri,wooden_puzzle,model,fantail,sculpture,laser_cut_files",,https://i.etsystatic.com/25031074/r/il/0ebaf9/5142894636/il_fullxfull.5142894636_j9vj.jpg,https://i.etsystatic.com/25031074/r/il/481b74/5191114997/il_fullxfull.5191114997_btxx.jpg,https://i.etsystatic.com/25031074/r/il/b72394/5142895886/il_fullxfull.5142895886_1ol2.jpg,https://i.etsystatic.com/25031074/r/il/32943c/5142895764/il_fullxfull.5142895764_jgyx.jpg,https://i.etsystatic.com/25031074/r/il/b634b8/5142895830/il_fullxfull.5142895830_em4p.jpg,https://i.etsystatic.com/25031074/r/il/409170/5142895658/il_fullxfull.5142895658_agua.jpg,,,,,,,,,,,24,other
Magic Frame Illusion-Appearing Image and words-customizable,This Magic Frame can instantly transform images and text. Use the included images or open the web app to create and print your own from a standard office inkjet printer. The downloadable plans for this trick are available for purchase in a separate listing in my Etsy store. The magic gimmick is available fully assembled or as a kit for you to assemble yourself. This device is completely mechanical. It is not electrical. It is not a digital tablet.,40,AUD,12,"Laser_cut_files,Magic_Trick_picture,Magic_sign_illusion,Magician_prop,Magic_gimmick,Secret_box,Mystery_box,Escape_room,Stem_toy,Wooden_toy,Science_project,Technology_class,Diy_build",,https://i.etsystatic.com/25031074/r/il/ed679c/6874432458/il_fullxfull.6874432458_ivk5.jpg,https://i.etsystatic.com/25031074/r/il/3f3632/6874432460/il_fullxfull.6874432460_gw2e.jpg,https://i.etsystatic.com/25031074/r/il/aee38d/6874432438/il_fullxfull.6874432438_1sl5.jpg,https://i.etsystatic.com/25031074/r/il/9c07be/6874432456/il_fullxfull.6874432456_3g6f.jpg,https://i.etsystatic.com/25031074/r/il/9ae8a7/6922409685/il_fullxfull.6922409685_tppj.jpg,https://i.etsystatic.com/25031074/r/il/f7b025/6897097622/il_fullxfull.6897097622_dhan.jpg,,,,,Custom Property,Assembly,"Kit,Assembled",,,,25,magic tricks
Slide Picture Puzzle Box Plans SVG DXF PDF Davinci's Vitruvian man,"Solve the picture to open the box.
(These are digital plans. Please see my other listings for the physical kit)

We have all toiled over these slide picture puzzles as kids, only to find ourselves
stuck with one little piece impossible to get into the correct position without undoing
all of our hard work. As an adult I feel I have finally put this conundrum to rest and
have discovered the secret method. I then set about designing a secret box
that can only be opened by solving one of these engaging little slide picture puzzles.
Here is the result. The secret method is etched on the wall panels. The image to
unscramble is Leonardo Davinci's famous Vitruvian Man.

You will receive files suited to 3.1 - 3.3mm thick wood, but the file can be scaled to match your thickness. Please read the pdf ""how to cut"" page to ensure you get correct snug fits that make the mechanism function properly.

I have made these from 3.2mm birch ply and 3mm MDF

Please get in touch if your need any help or would like a commercial license.",12,AUD,705,"Puzzlebox,Vitruvian_Man,Stem,Steam,Puzzle,Mechanism,Gift_for_men,Leonardo_davinci,Secret_box,Technical,Maker,Wooden_toy,laser_cut_files",,https://i.etsystatic.com/25031074/r/il/ccf267/4561367052/il_fullxfull.4561367052_lf6h.jpg,https://i.etsystatic.com/25031074/r/il/0e0f58/4561399410/il_fullxfull.4561399410_esz3.jpg,https://i.etsystatic.com/25031074/r/il/c217fb/4561399596/il_fullxfull.4561399596_1lqt.jpg,https://i.etsystatic.com/25031074/r/il/4b7ae5/4608757719/il_fullxfull.4608757719_434b.jpg,https://i.etsystatic.com/25031074/r/il/d684d7/4561399476/il_fullxfull.4561399476_prmd.jpg,https://i.etsystatic.com/25031074/r/il/a7828b/4608788363/il_fullxfull.4608788363_i7hq.jpg,,,,,,,,,,,27,puzzle boxes
Illusionist Pendant Puzzle Box Laser Cut Files,"Years ago I was captivated by a puzzle pendant in the movie ""The Illusionist"". What looks like an oval box is twisted to unexpectedly form a love heart. The top of the heart is then slid away to reveal a photo or trinket inside. A sentimental little gift for valentines day, anniversary mothers day etc. I enjoy the challenge of trying to design something that can be made from only laser cut parts as it makes it much more accessible to people who want to make their own. I hope you enjoy my laser cut version of the Illusionist Pendant. 

You will receive DXF, SVG and PDF line files as well as PDF assembly instructions. There are files with the exact sizes and files with an offset to account for laser kerf and achieve a tight fit. You can play with these offsets yourself depending on your material in order to get a mechanism that is not too loose. These files are for 3.2mm thick material. I have made these boxes successfully from poplar, Birch and MDF. With tight fits there is no need for glue, but if it was going to be worn then PVA glue is recommended and perhaps a clear varnish to finish it off. If you want wedding rings to fit inside then you can scale it up by 1/3 and use 4mm thick wood. This will give a 25mm diameter cavity for rings. The current scale for 3.2mm wood may not fit a ring but is a better size for a pendant. Please note, these won't really withstand the rigorous manipulation of someone who does not know the secret opening method, so best to show people how it is done. (As he does in the movie If I remember correctly)",6,AUD,785,"wooden_puzzle,puzzle_box,laser_cut_files,valentines,pendant,jewelry,love,mechanism,butterfly,mother,locket,magic,illusion",,https://i.etsystatic.com/25031074/r/il/d88951/7760701430/il_fullxfull.7760701430_a01a.jpg,https://i.etsystatic.com/25031074/r/il/5c7ec6/7760701432/il_fullxfull.7760701432_6wrb.jpg,https://i.etsystatic.com/25031074/r/il/d64a46/7808648701/il_fullxfull.7808648701_oxye.jpg,https://i.etsystatic.com/25031074/r/il/305a1c/7808648691/il_fullxfull.7808648691_lyt5.jpg,https://i.etsystatic.com/25031074/r/il/cdecd1/7760701442/il_fullxfull.7760701442_8kn2.jpg,,,,,,,,,,,,26,puzzle boxes
Dice Tunnel Magic Trick Laser Cut Illusion DIY Kit,A wooden dice magically changes number when passed through a wooden tube. This comes either as a kit to assemble yourself or fully assembled and ready to perform. Printed instructions are included as well as a link to a video with performance advice.,40,AUD,6,"magic_trick,dice_illusion,DIY_magic,wooden_mechanism,secret_box,wooden_toy_project,puzzle_box,magician_gimmick,laser_cut_dice,STEM_project,mystery_box,Executive_toy,office_toy",,https://i.etsystatic.com/25031074/r/il/ce2a26/6799903374/il_fullxfull.6799903374_15kr.jpg,https://i.etsystatic.com/25031074/r/il/5f681e/6799903318/il_fullxfull.6799903318_iyoc.jpg,https://i.etsystatic.com/25031074/r/il/35100c/6799903370/il_fullxfull.6799903370_92ht.jpg,https://i.etsystatic.com/25031074/r/il/72a19a/6847906249/il_fullxfull.6847906249_mght.jpg,https://i.etsystatic.com/25031074/r/il/5ef80a/6847906253/il_fullxfull.6847906253_mldz.jpg,,,,,,Custom Property,Assembly,"Kit,Assembled",,,,28,magic tricks
"Bird Zoetrope Kit, 3D Laser Cut Wooden Puzzle, Animation Machine","(See my other listings for the digital plans for this kit) Wind the handle to make the birds flap their wings. This works like a traditional film projector except rather than pictures there are 3D objects in each frame. The small gear is specially shaped so that rather than giving the big gear continuous motion, it is intermittent. This means there is a pause after each 45 degree rotation, allowing your eye to catch the bird as a still frame. When the handle is turned quickly these blend together into an animation. Most 3D Zoetropes use a strobe light to provide the still frame effect. I like this method because it does not require a dark room or electricity.
This mechanism comes in kit form with all of the parts for you to slot together. I attempt to make the fits tight enough so that no glue is needed, but PVA can be used on any loose parts. 
Parts that seem to tight can be sanded.",40,AUD,10,"animation,mechanical_sculpture,wooden_puzzle,mechanical_toy,bird,model,kinetic_art,mechanism,special,stem,automata,zoetrope,gears",,https://i.etsystatic.com/25031074/r/il/ff0b3f/3659623310/il_fullxfull.3659623310_2in0.jpg,https://i.etsystatic.com/25031074/r/il/b9ee3b/3707201635/il_fullxfull.3707201635_qjfn.jpg,https://i.etsystatic.com/25031074/r/il/b3f92c/3707201697/il_fullxfull.3707201697_pg8y.jpg,https://i.etsystatic.com/25031074/r/il/b6908d/3659583226/il_fullxfull.3659583226_dh53.jpg,,,,,,,,,,,,,29,puzzle boxes
Bird 3D Zoetrope laser cutter plans - SVG DXF,"(These are the digital plans. See my other listings for the physical version of this kit)
Wind the handle to make the birds flap their wings. This works like a traditional film projector except rather than pictures there are 3D objects in each frame. The small gear is specially shaped so that rather than giving the big gear continuous motion, it is intermittent. This means there is a pause after each 45 degree rotation, allowing your eye to catch the bird as a still frame. When the handle is turned quickly these blend together into an animation. Most 3D Zoetropes use a strobe light to provide the still frame effect. I like this method because it does not require a dark room or electricity.

You will receive instructions as well as the digital files DXF, SVG, PDF, Lightburn with templates for all of the parts for you to laser cut, or scroll saw out of plywood.
If your wood is not 3mm you can scale the files to match your wood thickness. Apply kerf offsets for press fits.",12,AUD,23,"animation,mechanical_sculpture,wooden_puzzle,mechanical_toy,bird,kinetic_art,mechanism,automata,zoetrope,gears,laser_cut,automata_plans,dxf_svg",,https://i.etsystatic.com/25031074/r/il/ff0b3f/3659623310/il_fullxfull.3659623310_2in0.jpg,https://i.etsystatic.com/25031074/r/il/b9ee3b/3707201635/il_fullxfull.3707201635_qjfn.jpg,https://i.etsystatic.com/25031074/r/il/b3f92c/3707201697/il_fullxfull.3707201697_pg8y.jpg,https://i.etsystatic.com/25031074/r/il/b6908d/3659583226/il_fullxfull.3659583226_dh53.jpg,,,,,,,,,,,,,30,other
Dog and Cat Running Automata kit,"This automata kit contains all parts and instructions to build two separate hand cranked moving models. Both a running cat and a running dog. It is a simple but interesting mechanism to watch as the animals leap and bound on your table.
Parts generally can be pressed together. Any loose parts can be glued.


Please see my other listings for the digital laser cutter files for this design.",49,AUD,11,"wooden_puzzles,stem,automata,craft,model_making,engineering,technology,dog,cat,machine,kinetic_art,sculpture,robotics",,https://i.etsystatic.com/25031074/r/il/1291ff/5741377892/il_fullxfull.5741377892_mo3z.jpg,https://i.etsystatic.com/25031074/r/il/347a0f/5741377836/il_fullxfull.5741377836_fd5l.jpg,https://i.etsystatic.com/25031074/r/il/116e27/5789451841/il_fullxfull.5789451841_dp7p.jpg,https://i.etsystatic.com/25031074/r/il/64f0f4/5789451843/il_fullxfull.5789451843_o1ks.jpg,https://i.etsystatic.com/25031074/r/il/60e936/5789451857/il_fullxfull.5789451857_ji9n.jpg,https://i.etsystatic.com/25031074/r/il/acb9d8/5789451849/il_fullxfull.5789451849_fp4d.jpg,https://i.etsystatic.com/25031074/r/il/889e75/5789451845/il_fullxfull.5789451845_5pug.jpg,,,,,,,,,,31,automata
"Writing automaton plans scroll saw/laser cutter - Lanky Doodler  Mechanical Model SVG,DXF,PDF","These plans are to laser cut a drawing and writing automaton.
Turn the knob and Lanky Doodler will sketch out your encoded message.  ""hello"", ""love you"", ""mum"", ""Dad"", ""happy Bday"", ""merryXmas""

The plans come with cams to write hello, but you can easily generate your own message cams with the web app at
https://www.contraptioncart.com/lankydoodler

The sketch is encoded in the rotating cams which control the two arms to accurately position the felt pen. 
I have designed a few writing automatons over the years, and think I finally have one that simple, easy to make, and works reliably.

You will need some M5 machine screws and a screwdriver
M5 x 20mm  (two)
M5 x 8mm    (three)
M5 x 12          (one)
Use a standard felt pen for a dark sketch, or a very soft 12B pencil.

The parts should slot together without glue.
The files should work with 2.8mm - 3.2mm thick wood without needing slots resized.
You will receive the parts files as svg, dxf and pdf.
If you don't know how to apply kerf allowance, you can use the orange cut layer instead of the black.
The orange layer has offsets that I found worked well on my laser cutter to account for the kerf.

I have laser cut these with birch plywood, mdf and poplar. Try to get the grain running in the slender direction of parts for the most strength. 

I tried to design this so that it could be simple enough to make with a scroll saw. I have not tried but I am quite sure it is achievable.

Tips for best results with the cam generating app:
- draw slowly
- slowly return your sketch back to the starting position
- stick to ten letters or less. (I have done happy birthday but a shorter sketch comes out neater)

I'd love to see what you make
hashtag #lankydoodler",14,AUD,990,"mechanical_sculpture,mechanical_toy,wooden_puzzle,kinetic_art,mechanism,mechanical_model,drawing_automaton,executive_toy,automata,scroll_saw_plans,engineering_toy,science_toy,laser_cut_files",,https://i.etsystatic.com/25031074/r/il/53af33/7017683670/il_fullxfull.7017683670_px9j.jpg,https://i.etsystatic.com/25031074/r/il/6dd022/7428833463/il_fullxfull.7428833463_lh39.jpg,https://i.etsystatic.com/25031074/r/il/745267/7428833495/il_fullxfull.7428833495_h5vk.jpg,https://i.etsystatic.com/25031074/r/il/b3eb1a/7017683672/il_fullxfull.7017683672_plkt.jpg,https://i.etsystatic.com/25031074/r/il/967305/7065663677/il_fullxfull.7065663677_hvkl.jpg,https://i.etsystatic.com/25031074/r/il/bd04f7/3919284207/il_fullxfull.3919284207_i7qq.jpg,https://i.etsystatic.com/25031074/r/il/c1e645/7065663679/il_fullxfull.7065663679_syz7.jpg,https://i.etsystatic.com/25031074/r/il/22ad9b/3921392691/il_fullxfull.3921392691_jzi9.jpg,https://i.etsystatic.com/25031074/r/il/d6ee88/3919284137/il_fullxfull.3919284137_k1jt.jpg,https://i.etsystatic.com/25031074/r/il/fc582d/6980062380/il_fullxfull.6980062380_ee2r.jpg,,,,,,,32,automata
DIY Swinging Monkey Automata Kit - Fun Craft Project for Kids and Adults,"This is the physical kit. See my other listings for the Digital plans.
This kit contains all the part to build a mechanical swinging monkey automaton. Crank the handle to watch him swing through the trees. 
Build the kinetic model yourself using the precision laser cut birch plywood gears and linkages. Attach to a wall or door using hanger tape or screws.",40,AUD,12,"wooden_puzzles,model_making,laser_cutting,machine,kinetic_art,sculpture,stem_kit,mechanical_model,craft_project,engineering_toy,kinetic_sculpture,monkey_toy,automata_kit",,https://i.etsystatic.com/25031074/r/il/5d0025/5850380013/il_fullxfull.5850380013_pu5w.jpg,https://i.etsystatic.com/25031074/r/il/dffcd8/5849201859/il_fullxfull.5849201859_q0c6.jpg,https://i.etsystatic.com/25031074/r/il/a72b58/5801123970/il_fullxfull.5801123970_kdn3.jpg,https://i.etsystatic.com/25031074/r/il/52da51/5849197589/il_fullxfull.5849197589_gk3f.jpg,https://i.etsystatic.com/25031074/r/il/74ad37/5850325771/il_fullxfull.5850325771_kd80.jpg,https://i.etsystatic.com/25031074/r/il/c65b49/5849203955/il_fullxfull.5849203955_cgex.jpg,,,,,Custom Property,assembly,"kit,assembled",,,,33,automata
Mouse Maze Puzzle Box Plans- SVG DXF PDF- Laser cutting files - scroll saw,"These are digital plans. See my other listings for the physical product.
In order to open the box you must navigate the mouse to the center of the maze. This is done with a rotating disc and a sliding rod. It is not a particularly difficult puzzle but still satisfying and fun for the coffee table. If you want to increase the challenge try to do it without looking.

I laser cut these from 3mm Birch plywood and assemble with PVA glue. I have made the files such that they should work for wood ranging from 2.9mm - 3.2mm. They can be scaled if your wood is thicker.
The files come in SVG, DXF and PDF with assembly instructions. I have includes files that have an 0.08mm offset to account for laser cutter kerf. This gives more snug fits. You may want to offset the lines more or less again depending on the wood you use and the settings of your machine. The files have decorative etch lines as well as cut lines. I have exported the files to have the etched lines in green. You can delete these if you prefer the box without decoration. They should also be unselected if you adjust offsets. 
I have not tried to scroll saw the parts. It should be achievable though the four standoff parts are quite small.
Please get in touch if you need any assistance and if you want to purchase a commercial license to make and sell this product.
Thanks
Shasa",12,AUD,481,"wooden_puzzle,puzzle_box,puzzle,maze,mouse,trick,magic,secret,gift,gift_box,brain,labyrinth,laser_cut_files",,https://i.etsystatic.com/25031074/r/il/85639c/4250092607/il_fullxfull.4250092607_ktow.jpg,https://i.etsystatic.com/25031074/r/il/b4ba6b/4202437124/il_fullxfull.4202437124_7s5x.jpg,https://i.etsystatic.com/25031074/r/il/8df77e/4250092605/il_fullxfull.4250092605_6ytl.jpg,https://i.etsystatic.com/25031074/r/il/5efee0/4250092615/il_fullxfull.4250092615_4s91.jpg,https://i.etsystatic.com/25031074/r/il/8f5f60/4193962034/il_fullxfull.4193962034_bnun.jpg,,,,,,,,,,,,34,puzzle boxes
Magic Frame-lasercut Files-Appearing Image and words-customizable-svg dxf pdf,"These are digital download plans to build a Magic Frame that can instantly transform images and text. Use the included images or open the web app to create your own. The posted version of this trick is available for purchase in a separate listing in my Etsy store.  
You will receive SVG and DXF files for laser cutting, as well as PDF plans for the scroll saw. There are also PDF and video instructions for assembly and performance. A link to the online app is included, allowing you to create your own text or images to suit your desired performance.  
The files are suitable for 2.5 - 3.2 mm wood (1/8 inch). Contact me if you need a different size.  
There is an additional orange offset layer to account for laser kerf and achieve press fits. This may not be ideal for your machine or wood, but I include it in case you do not know how to apply your own kerf offset.  
Please contact me for a commercial license.",12,AUD,963,"Laser_cut_files,Magic_Trick_picture,Magic_sign_illusion,Magician_prop,Magic_gimmick,Secret_box,Mystery_box,Escape_room,Stem_toy,Wooden_toy,Science_project,Technology_class,Diy_build",,https://i.etsystatic.com/25031074/r/il/ed679c/6874432458/il_fullxfull.6874432458_ivk5.jpg,https://i.etsystatic.com/25031074/r/il/3f3632/6874432460/il_fullxfull.6874432460_gw2e.jpg,https://i.etsystatic.com/25031074/r/il/aee38d/6874432438/il_fullxfull.6874432438_1sl5.jpg,https://i.etsystatic.com/25031074/r/il/9c07be/6874432456/il_fullxfull.6874432456_3g6f.jpg,https://i.etsystatic.com/25031074/r/il/9ae8a7/6922409685/il_fullxfull.6922409685_tppj.jpg,https://i.etsystatic.com/25031074/r/il/f7b025/6897097622/il_fullxfull.6897097622_dhan.jpg,,,,,,,,,,,36,magic tricks
Dice Tunnel Magic Trick Laser Cut Files for Download - SVG - DXF - PDF - Illusion,"These digital download laser cut plans allow you to make a neat little magic trick where a dice magically changes number when stuck inside a tube.
The plans suit 2.8mm-3.2mm (1/8th inch) wood but can be scaled to match other thicknesses.
An orange kerf offset layer is included in case you cannot add kerf allowance yourself. Delete this layer if you can. Please read the pdf files for laser file use, assembly and performance instructions. Please follow links to videos in the pdf for guidance on performing the trick.
Please contact me for a commercial licence.",12,AUD,937,"laser_cut_files,magic_trick,dice_illusion,DIY_magic,wooden_mechanism,secret_box,laser_cutter_plans,wooden_toy_project,scroll_saw_plans,puzzle_box,magician_gimmick,laser_cut_dice,STEM_project",,https://i.etsystatic.com/25031074/r/il/d9abbc/6799905088/il_fullxfull.6799905088_judh.jpg,https://i.etsystatic.com/25031074/r/il/7a0155/6847906127/il_fullxfull.6847906127_ijj5.jpg,https://i.etsystatic.com/25031074/r/il/a73513/6799903270/il_fullxfull.6799903270_m0jw.jpg,https://i.etsystatic.com/25031074/r/il/928fce/6847906167/il_fullxfull.6847906167_jyo5.jpg,https://i.etsystatic.com/25031074/r/il/5f681e/6799903318/il_fullxfull.6799903318_iyoc.jpg,https://i.etsystatic.com/25031074/r/il/35100c/6799903370/il_fullxfull.6799903370_92ht.jpg,https://i.etsystatic.com/25031074/r/il/ce2a26/6799903374/il_fullxfull.6799903374_15kr.jpg,https://i.etsystatic.com/25031074/r/il/72a19a/6847906249/il_fullxfull.6847906249_mght.jpg,https://i.etsystatic.com/25031074/r/il/5ef80a/6847906253/il_fullxfull.6847906253_mldz.jpg,,,,,,,,35,magic tricks
Illusionist Pendant Puzzle Box Laser Cut DIY Kit,"Please note this is a kit with the parts and instructions for you to assemble yourself. Please see my other listings if you would like to download the files instead)

Years ago I was captivated by a puzzle pendant in the movie ""The Illusionist"". What looks like an oval box is twisted to unexpectedly form a love heart. The top of the heart is then slid away to reveal a photo or trinket inside. A sentimental little gift for valentines day, anniversary mothers day etc. I enjoy the challenge of trying to design something that can be made from only laser cut parts as it makes it much more accessible to people who want to make their own. I hope you enjoy my laser cut version of the Illusionist Pendant. 

I cut these part to have tight fits so there is no need for glue, but if it was going to be worn then PVA glue is recommended and perhaps a clear varnish to finish it off.  Please note, these won't really withstand the rigorous manipulation of someone who does not know the secret opening method, so best to show people how it is done. (As he does in the movie If I remember correctly)",30,AUD,62,"laser_cut,wooden_puzzle,puzzle_box,valentines,pendant,jewelry,love,mechanism,butterfly,mother,locket,magic,model",,https://i.etsystatic.com/25031074/r/il/e0dae1/7808588727/il_fullxfull.7808588727_2dg6.jpg,https://i.etsystatic.com/25031074/r/il/5ffd3b/7808590727/il_fullxfull.7808590727_c7bd.jpg,https://i.etsystatic.com/25031074/r/il/fc0993/7760645396/il_fullxfull.7760645396_1cxo.jpg,https://i.etsystatic.com/25031074/r/il/793b03/7808593805/il_fullxfull.7808593805_gtkz.jpg,https://i.etsystatic.com/25031074/r/il/19ae2b/7760648444/il_fullxfull.7760648444_m17e.jpg,https://i.etsystatic.com/25031074/r/il/d23496/7808597091/il_fullxfull.7808597091_3h5n.jpg,,,,,,,,,,,37,puzzle boxes
"Key Through Coin Magic Trick: Laser Cut Plans (SVG, PDF, DXF)","Download these laser cutter plans to build a Key Through Coin Magic Trick.
The wooden coin is placed into a small box. The wooden key is then pushed right through the box and out the other side. The coin is removed and shown to be unharmed. How did the key pass through the coin? All you need is a laser cutter or scroll saw, some wood and a little glue. No other parts required. The plans suit 2.8 - 3.2mm wood but can be scaled to suit thicker wood.
Please contact me if you need any help adjusting the files or to enquire about a commercial license.",10,AUD,874,"laser_cutter_files,wooden_illusion,magic_trick_plans,key_through_coin,craft_project,secret_box,mystery_box,mechanism,magic_gimmick,contraption,diy_for_kids,stem_education,technology_class",,https://i.etsystatic.com/25031074/r/il/e6742b/6634727819/il_fullxfull.6634727819_t7up.jpg,https://i.etsystatic.com/25031074/r/il/10cf75/6634727809/il_fullxfull.6634727809_d423.jpg,https://i.etsystatic.com/25031074/r/il/fb45a4/6586611830/il_fullxfull.6586611830_dcex.jpg,https://i.etsystatic.com/25031074/r/il/a0059d/6586611900/il_fullxfull.6586611900_2wyj.jpg,https://i.etsystatic.com/25031074/r/il/9053c6/6586611874/il_fullxfull.6586611874_sgt8.jpg,https://i.etsystatic.com/25031074/r/il/f1f7fc/6634727867/il_fullxfull.6634727867_j4nr.jpg,https://i.etsystatic.com/25031074/r/il/e05585/6586611896/il_fullxfull.6586611896_druf.jpg,https://i.etsystatic.com/25031074/r/il/6d775e/6634727839/il_fullxfull.6634727839_1cht.jpg,,,,,,,,,38,magic tricks
"Magic Trick Pencil Box Kit: Wooden 3D Puzzle, STEM Toy","This wooden secret box allows you to perform a magic trick. The magician slides the pencil into the box, then effortlessly slides out the middle of the box, breaking the pencil into 3 pieces. The broken pieces can be removed for inspection then returned to the box. The middle is then pushed back into place and the pencil slid out restored magicaly back into one. All of the parts and instructions are included for you to build the box yourself. This is a great little DIY construction project that you can perform an illusion with afterwards.

This is the physical kit. Please see my other listings for the digital plans.",40,AUD,8,"laser_cut,magic_trick,mystery_box,illusion,secret_box,wooden_diy_kit,mechanism,3d_puzzle,diy_model,executive_toy,magician_prop,construction_kit,mechanical_model",,https://i.etsystatic.com/25031074/r/il/eebcd7/6002252572/il_fullxfull.6002252572_jwj9.jpg,https://i.etsystatic.com/25031074/r/il/b2d727/6050329937/il_fullxfull.6050329937_2qv4.jpg,https://i.etsystatic.com/25031074/r/il/25710d/6050329993/il_fullxfull.6050329993_s26i.jpg,https://i.etsystatic.com/25031074/r/il/66d2d7/6002252752/il_fullxfull.6002252752_kc67.jpg,https://i.etsystatic.com/25031074/r/il/cc58bb/5939409963/il_fullxfull.5939409963_ctop.jpg,https://i.etsystatic.com/25031074/r/il/f03ec8/5891327482/il_fullxfull.5891327482_dwpn.jpg,https://i.etsystatic.com/25031074/r/il/e73d0e/5891327478/il_fullxfull.5891327478_h99m.jpg,,,,Custom Property,assembly,"kit,assembled",,,,39,magic tricks
Whirligig Hardware Kit: Stainless Steel & Brass Parts,"This contains the metal hardware required for the whirligigs on my site. The stainless steel and brass parts are all bent, cut and ready to use. You can choose to source these parts and materials yourself, but may prefer to save yourself the search. The parts will make one whirligig. Please choose the type you want at checkout.",40,AUD,15,"Whirligig,Garden_sculpture,Kinetic_sculpture",,https://i.etsystatic.com/25031074/r/il/2d3dc8/5025710985/il_fullxfull.5025710985_st50.jpg,,,,,,,,,,Custom Property,Whirligig type,"Dog,Surfer,Fisherman,Woodchopper",,,,40,other
"Whale Automata Toy Kit: Mechanical Pet, DIY Build",Build your own mechanical swimming whale with this kit. Pull the string to make it wiggle its flippers and tail as it swims upwards. Collect the whole set of animals to hang in your window.,32,AUD,6,"whale,toy,automata,kinetic_art,STEM,mechanical_model,craft_kit,wooden_toy,smart_toys,build_it,put_together,gift,maker",,https://i.etsystatic.com/25031074/r/il/d73939/2578454161/il_fullxfull.2578454161_t55f.jpg,https://i.etsystatic.com/25031074/r/il/074aca/2578454567/il_fullxfull.2578454567_d083.jpg,https://i.etsystatic.com/25031074/r/il/696de0/2578455005/il_fullxfull.2578455005_kq5r.jpg,https://i.etsystatic.com/25031074/r/il/8be0b4/2530799714/il_fullxfull.2530799714_peaq.jpg,https://i.etsystatic.com/25031074/r/il/7171c3/2530800862/il_fullxfull.2530800862_aj7o.jpg,,,,,,,,,,,,41,automata
Gorilla Pulley Pet Automata Plans SVG DXF-Laser cut mechanical toy,"These are the digital plans. Please see my other listings for the physical kit. 
Build your own little climbing Gorilla. Hang him in your window and pull the string to make him climb hand over hand up the string. These files suit 3- 3.2 mm wood. If you have 2.7-2.9mm wood please message me after purchase and I can send you those files. You will receive DXF and SVG files exact and offset to account for laser cutter kerf. I also use 3mm bamboo skewers and waxed cotton thread to make these. Instructions are in video format with the link in the file labeled instructions. Please contact me if you would like a commercial license to sell these.",10,AUD,928,"automata,toys,craft_kit,wooden_toys,gorilla,mechanical_model,kinetic_art,mechanical_toys,STEM,make,education,laser_cutting,laser_cut_files",,https://i.etsystatic.com/25031074/r/il/7fe8fb/4872386232/il_fullxfull.4872386232_hgbf.jpg,https://i.etsystatic.com/25031074/r/il/315f3c/4920652869/il_fullxfull.4920652869_b1un.jpg,https://i.etsystatic.com/25031074/r/il/3ad9a6/4920653583/il_fullxfull.4920653583_301u.jpg,https://i.etsystatic.com/25031074/r/il/803b12/4872387924/il_fullxfull.4872387924_cdnh.jpg,https://i.etsystatic.com/25031074/r/il/7bec8d/2530762026/il_fullxfull.2530762026_lozd.jpg,https://i.etsystatic.com/25031074/r/il/2f5a8a/4920654223/il_fullxfull.4920654223_g9kp.jpg,https://i.etsystatic.com/25031074/r/il/2c8f01/4872388644/il_fullxfull.4872388644_l7pn.jpg,,,,,,,,,,42,automata
Magic Empty Box Illusion - DIY Magic Trick - Make anything appear and disappear,"This box allows you to perform a magic trick. The magician flips open 2 doors, allowing the audience to look right through the empty box. The magician shuts the doors and then tips the box over and magically pours out a large pile of colorful sweets onto the table. You could alternatively pull a handkerchief out from the top of the box or reveal any small enough item of your choice. You could also use the box to make items disappear. This secret gimmick will be revealed when you view the pdf instructions.",40,AUD,4,"magic,trick,puzzle_box,mystery,secret,maker,craft,project,stem,education,technology,DIY,lasercut",,https://i.etsystatic.com/25031074/r/il/08527a/6018144899/il_fullxfull.6018144899_p5zp.jpg,https://i.etsystatic.com/25031074/r/il/6fd33e/6018142455/il_fullxfull.6018142455_dhxb.jpg,https://i.etsystatic.com/25031074/r/il/e84b2e/6018144829/il_fullxfull.6018144829_cysi.jpg,https://i.etsystatic.com/25031074/r/il/514db0/6018144763/il_fullxfull.6018144763_bike.jpg,https://i.etsystatic.com/25031074/r/il/0812e7/6018144787/il_fullxfull.6018144787_4nsx.jpg,https://i.etsystatic.com/25031074/r/il/e49420/5970064254/il_fullxfull.5970064254_7qx8.jpg,,,,,Custom Property,Assembly,"Kit,Assembled",,,,43,magic tricks
"Newcomb's Paradox Magic Trick Laser Cut Files, SVG DXF PDF, Coin Illusion with Secret Mechanism, Mental Magic","This Laser Cut download allows you to perform a working version of the famous Newcomb’s Paradox where you the magician are able to perfectly predict the spectator’s decision before they even make it for themselves. Please see my other listings for the physically posted magic trick. 

Newcomb’s Paradox is a philosophical thought experiment that raises questions about causality, determinism and free will. There are two boxes. Box A is open and clearly contains $1. Box B is shut and has already been set by a perfect predictor.

If the predictor has predicted that the spectator will choose only box B, then box B contains $2. If the predictor has predicted that the spectator will greedily choose both boxes, then box B contains nothing.

This thought experiment is famous because philosophers still cannot agree on which is the correct strategy in this simple game. Should the spectator choose one box or two? 

The trick may be repeated any number of times, and sure enough the magician, or their smart phone ai, is always able to predict the spectators choice, and remove the $2 coin any time before a greedy two box choice is made. This gimmick takes the story even further. The magician is able to make the coins disappear completely and finally reveal a surprise item such as a $100 bank note to magically appear from within the box.

These svg and dxf files can be used with a laser cutter, or you may scroll saw the templates in the pdf. I make these from 3mm wood, but the file can suit any thickness without requiring scaling or adjustment. Assembly and perfromance instuctions are in the PDF as is a link to a tutorial video.

Why is it a Paradox?
This scenario is considered a paradox because two reputable decision making principles point to different strategies. Expected utility says that we should always choose box B because we will get $2 rather than $1. Strategic dominance says the boxes are already set before you make a decision, so why not pick both and always receive the extra $1 from box A.


Entanglement
I sought a way to implement a working version of Newcomb's Paradox in the hope that it might provide some insight into the cause of the paradox. After working through this task, my current view is that the paradox arises when we fail to treat our thoughts and decisions as part of the same physics that govern everything else. Our choices do not live in some separate realm but are influenced and influence the world in which they are embedded. When we acknowledge this, we see the possibility that our choice could be entangled with the boxes and the predictor. There are ways in which I could have allowed the boxes to influence both the choice and the predictors prediction, such as lighting box A on fire, but to make this function as a magic trick I really needed the causality to work the other way around, such that a spectators choice could influence the contents of the boxes. That is precisely what this device does. A decision to remove the contents of box A, mechanically causes box B to automatically become empty. This device is essentially a No Greedy Box. It appears that the all knowing predicting magician causes box B to be empty or full, but in fact it is the spectator. The magician is not required at all. According to the formulation of the paradox, it is only the behavior of a perfect predictor that we really ever observe. The predictor need not even exist, as long as a two box choice always leads to box B appearing empty and one box choice always leads to it appearappearing full. I achieve this entanglement with a simple mechanism hidden within the box, but one can conceive of a more complex interaction such as an advanced technology that could scan our brain and vaporize the contents of box B when it detects a two box decision. Once one sees how the two boxes are mechanically entangled, it becomes intuitive that choosing both boxes is equivalent to choosing just box A. Hence it becomes clear that box B with the higher value is the correct choice.

My hope is that this mechanism demonstrates how our decisions are themselves a physical process. They do not live in some separate isolated realm and hence in theory there is nothing to stop them interacting with the environment in highly correlated ways.


Perhaps you will think that this is breaking the rules of the game, and that box B must really be set before the choice is made. In which case, below are two alternative methods of entanglement, though harder for me to implement in a working device.

Common Cause
My favourite solution is probably the existence of a common cause. The initial conditions that caused the predictor to have a particular prediction, also caused the chooser to make a particular choice. This will not be recognisable when the common cause is small or complex but easy to intuit if it had some large scale manifestation such as Box A is on fire. The predictor can clearly see that the chooser will not choose to open a burning box. Once again box B is the rational choice in this situation.

The Perfect Predictor is You
If the predictor indeed had all of the information and computational apparatus required to predict your decision, it would be performing an exact copy of your own decision making procedure. It would essentially be you. The prediction and choice are the same event. So the scenario now becomes a choice between taking both boxes but discarding the contents of box B, or choosing just the contents from box B. 


Free Will?
So if choices are a physical process, can we still have free will? I think yes, but my definition of free will may not be regarded as such by others. My free will is simply the deterministic processes that I identify with. The values and beliefs stored within my brain that shape incoming information into decision and action. It is still deterministic and could potentially be simulated on a powerful computer. But the closer that computer got to correctly predicting my decision, the closer it would be to becoming me.


Footnote
That is my conservative stance. Though in fact I have some deep seated reservations about the viability of causality in general. It seems to me that reductionist causal explanations will always lead to infinite regress. One will always be left looking for the next cause one layer down. Perhaps rather than cause, the laws of physics are more to do with constraint. We are constrained to only be conscious of those mathematical truths that are themselves a conscious experience.",10,AUD,990,"magic_trick,magic_shop_Australia,Newcomb's_Paradox,wooden_magic_tricks,coin_illusion,instant_money_trick,philosophy_toys,mechanical_toy,escape_room,mystery_box,secret_box,puzzle_box,magic_mechanism",,https://i.etsystatic.com/25031074/r/il/423f4f/7352502921/il_fullxfull.7352502921_iu74.jpg,https://i.etsystatic.com/25031074/r/il/a615ed/7239251049/il_fullxfull.7239251049_4lm8.jpg,https://i.etsystatic.com/25031074/r/il/fcee08/7191275868/il_fullxfull.7191275868_28bw.jpg,https://i.etsystatic.com/25031074/r/il/6a9067/7239251143/il_fullxfull.7239251143_1np5.jpg,https://i.etsystatic.com/25031074/r/il/e0d95b/7239251057/il_fullxfull.7239251057_e3on.jpg,https://i.etsystatic.com/25031074/r/il/c956f9/7191275854/il_fullxfull.7191275854_g6ap.jpg,https://i.etsystatic.com/25031074/r/il/848035/7239251621/il_fullxfull.7239251621_awno.jpg,,,,,,,,,,44,magic tricks
"Chicken And Egg Box Magic Trick laser cut files, svg dxf pdf, gozinta box","This is a digital download. See other listings for the physical posted item.
In this magic trick we have a chicken box and an egg box. What is remarkable is that each box can fit perfectly inside the other. The egg fits inside the chicken, yet the chicken also fits inside the egg. How is this possible? Even more surprising, when we open back up the egg box, the chicken has magically become a dinosaur. The dimensions of each side of the box have been carefully calculated to enable this mysterious self nesting property.

You will receive SVG, DXF, PDF and lightburn files.

The files suit 2.8mm wood and can be scaled up or down for other thicknesses.
The 2.8mm files fit within 572x300mm so if your bed is 300x500mm you will require 1 and a bit sheets. When scaled up to suit 3.2mm wood, all parts can be cut within two 500x300mm sheets. Add your own kerf allowance offsets for press fits.

Please contact me for commercuial use.
Instagram @contraptioncart",12,AUD,993,"magic_trick,lasercut_files,gozinta_box,puzzle_box,illusion,escape_room,wooden_magic_tricks,technology_class,maker,secret_box,dice_box_magic,math_toy,stem",,https://i.etsystatic.com/25031074/r/il/2f7da6/7693611964/il_fullxfull.7693611964_frf6.jpg,https://i.etsystatic.com/25031074/r/il/b6a068/7693595602/il_fullxfull.7693595602_auzo.jpg,https://i.etsystatic.com/25031074/r/il/b13865/7693616944/il_fullxfull.7693616944_evpk.jpg,https://i.etsystatic.com/25031074/r/il/085681/7741591041/il_fullxfull.7741591041_fzzl.jpg,https://i.etsystatic.com/25031074/r/il/534beb/7693651248/il_fullxfull.7693651248_p1wa.jpg,https://i.etsystatic.com/25031074/r/il/658b94/7741593059/il_fullxfull.7741593059_bvga.jpg,https://i.etsystatic.com/25031074/r/il/f19181/7741597269/il_fullxfull.7741597269_hqb9.jpg,https://i.etsystatic.com/25031074/r/il/4cb4d9/7693641834/il_fullxfull.7693641834_52g2.jpg,,,,,,,,,45,magic tricks
"Mini Cryptex Puzzle Box – Word Lock Secret Drawer, Spelling Learning Toy","Mini 3-Letter Cryptex Puzzle Box – Word Lock Drawer

This is a mini version of the famous Cryptex puzzle inspired by The Da Vinci Code. Rotate the three letter dials to build different words — only the correct word unlocks the hidden drawer.

Designed as a medium-difficulty puzzle, it’s engaging for adults while also doubling as a hands-on learning tool for early readers. Children can experiment with swapping letters, forming simple words, and seeing cause-and-effect as the drawer opens.

The letters on each dial have been carefully chosen to allow many valid three-letter words. A clue, note, or small map can be hidden inside the drawer to motivate solvers to find the correct combination. With 125 possible combinations, even adults will need time to crack it.

Perfect for:

Puzzle and brain-teaser enthusiasts

Escape rooms and treasure hunts

Montessori-style spelling and word play

Unique desk toys and gifts

Assembly options

Fully assembled and ready to use

DIY kit with all birch plywood parts precision laser-cut and ready to assemble

Parts are designed to press-fit together; a small amount of glue may be used for extra strength.

Letter sets on each dial

Dial 1: B P T M H

Dial 2: A E I O U

Dial 3: G T N D P

Made from birch plywood and designed for durability and repeated use.

Follow me on Instagram for new designs and puzzles:
@contraptioncart",40,AUD,10,"Cryptex_puzzle,Puzzle_box,Word_puzzle,Brain_teaser_gift,Escape_room_prop,Secret_drawer_box,Spelling_toy,Learning_toy,Montessori_toy,Educational_gift,Stocking_stuffer,Desk_puzzle,Logic_puzzle",Wood,https://i.etsystatic.com/25031074/r/il/4d4af1/7431628092/il_fullxfull.7431628092_pq2y.jpg,https://i.etsystatic.com/25031074/r/il/401962/7479523003/il_fullxfull.7479523003_nnoi.jpg,https://i.etsystatic.com/25031074/r/il/a2e37b/7479523087/il_fullxfull.7479523087_l2b8.jpg,https://i.etsystatic.com/25031074/r/il/4be09d/7431604986/il_fullxfull.7431604986_bziy.jpg,https://i.etsystatic.com/25031074/r/il/5253df/7431605002/il_fullxfull.7431605002_mubi.jpg,https://i.etsystatic.com/25031074/r/il/c56715/7431604994/il_fullxfull.7431604994_jkz0.jpg,https://i.etsystatic.com/25031074/r/il/45212d/7431605022/il_fullxfull.7431605022_c8r8.jpg,https://i.etsystatic.com/25031074/r/il/e0df70/7479523077/il_fullxfull.7479523077_i7lf.jpg,https://i.etsystatic.com/25031074/r/il/4e7651/7479523045/il_fullxfull.7479523045_eauu.jpg,,Custom Property,Assembly,"Kit,Assembled",,,,46,puzzle boxes
"Chicken And Egg Box Magic Trick, gozinta box, Impossible boxes, Each fits inside the other","In this magic trick we have a chicken box and an egg box. What is remarkable is that each box can fit perfectly inside the other. The egg fits inside the chicken, yet the chicken also fits inside the egg. How is this possible? Even more surprising, when we open back up the egg box, the chicken has magically become a dinosaur. The dimensions of each side of the box have been carefully calculated to enable this mysterious self nesting property.
The trick comes either fully assembled or as a kit to assemble yourself. All parts are precut and ready to glue. Written instructions and performance video instructions included. Full perfrmance video at https://youtu.be/WDhFJ-TDIU0?si=44Ir_naF3NT92-6s
To keep updated on new deigns, please follow me on Instagram @contraptioncart",50,AUD,994,"magic_trick,gozinta_box,puzzle_box,illusion,escape_room,wooden_magic_tricks,technology_class,maker,secret_box,dice_box_magic,math_toy,stem,laser_cut",Wood,https://i.etsystatic.com/25031074/r/il/2f7da6/7693611964/il_fullxfull.7693611964_frf6.jpg,https://i.etsystatic.com/25031074/r/il/b6a068/7693595602/il_fullxfull.7693595602_auzo.jpg,https://i.etsystatic.com/25031074/r/il/b13865/7693616944/il_fullxfull.7693616944_evpk.jpg,https://i.etsystatic.com/25031074/r/il/085681/7741591041/il_fullxfull.7741591041_fzzl.jpg,https://i.etsystatic.com/25031074/r/il/534beb/7693651248/il_fullxfull.7693651248_p1wa.jpg,https://i.etsystatic.com/25031074/r/il/658b94/7741593059/il_fullxfull.7741593059_bvga.jpg,https://i.etsystatic.com/25031074/r/il/f19181/7741597269/il_fullxfull.7741597269_hqb9.jpg,https://i.etsystatic.com/25031074/r/il/4cb4d9/7693641834/il_fullxfull.7693641834_52g2.jpg,,,Custom Property,Assembley,"Kit,Assembled",,,,47,magic tricks
Woodchopper Whirligig Kit,"This is a Physical Kit. Please see my other listings for the Digital plans.
Put this little Woodchopper out in the garden and watch him chop vigorously when the wind blows.
This kit includes all of the parts and instructions required to make the model. Parts are made from birch plywood, stainless steel and brass  parts. Other wind whirligigs are available in my store.
You will need Glue and exterior primer and paint if you want to protect it from the weather.",75,AUD,6,"wooden_puzzle,model,stem,craft,whirligig,automata,kinetic_art,laser_cut,maker,karakuri,toy,woodchopper,wind",Wood,https://i.etsystatic.com/25031074/r/il/5f3d80/4182614388/il_fullxfull.4182614388_pzqy.jpg,https://i.etsystatic.com/25031074/r/il/bc7792/4182614394/il_fullxfull.4182614394_fcpq.jpg,https://i.etsystatic.com/25031074/r/il/0be624/4230272119/il_fullxfull.4230272119_99ns.jpg,https://i.etsystatic.com/25031074/r/il/b08489/4218904899/il_fullxfull.4218904899_tua4.jpg,https://i.etsystatic.com/25031074/r/il/7c85f0/4218916375/il_fullxfull.4218916375_kai3.jpg,,,,,,Custom Property,Assembly,"Kit,Assembled + Painted",,,,48,other
"Fisherman whirligig  Kit, Wind Powered Kinetic Garden Sculpture","This is the physical UNPAINTED kit. Please see my other listings for the Digital plans. Please select ""assembled + painted"" at checkout if your prefer this option. 
Put this little Fisherman out in the garden and watch him fish vigorously when the wind blows. This contains all of the parts and instructions to assemble the model. Parts are made from birch plywood, stainless steel and brass. Other wind whirligigs are available in my store.
You will need glue and primer and exterior paint to protect it from the weather.",75,AUD,6,"wooden_puzzle,model,stem,craft,whirligig,automata,kinetic_art,dog,laser_cut,maker,karakuri,toy,wind",,https://i.etsystatic.com/25031074/r/il/c0af1b/4227293783/il_fullxfull.4227293783_o4l3.jpg,https://i.etsystatic.com/25031074/r/il/d896c2/4227293737/il_fullxfull.4227293737_j97t.jpg,https://i.etsystatic.com/25031074/r/il/510740/4227293803/il_fullxfull.4227293803_4yz2.jpg,https://i.etsystatic.com/25031074/r/il/b08489/4218904899/il_fullxfull.4218904899_tua4.jpg,https://i.etsystatic.com/25031074/r/il/7c85f0/4218916375/il_fullxfull.4218916375_kai3.jpg,,,,,,Custom Property,Assembly,"Kit,Assembled + Painted",,,,49,other
Surfer Whirligig Kit,"This is the physical UNPAINTED kit. Please see my other listings for the digital plans.
Put this little surfer out in the garden to watch him surf in the wind. Includes all of the parts and instructions to assemble the model. Birch plywood, stainless steel and brass. Other wind whirligigs are available in my store.
You will need to glue, prime and paint with exterior paint to protect it from the weather.",75,AUD,5,"kinetic_art,automaton,karakuri,whirligig,stem,wooden_puzzle,contraption,model,make,wind,garden,laser_cut,surfer",,https://i.etsystatic.com/25031074/r/il/ff60a4/4199153987/il_fullxfull.4199153987_28b6.jpg,https://i.etsystatic.com/25031074/r/il/f8b695/4199154055/il_fullxfull.4199154055_sr3a.jpg,https://i.etsystatic.com/25031074/r/il/e407ad/4151501628/il_fullxfull.4151501628_m184.jpg,https://i.etsystatic.com/25031074/r/il/805301/4151501564/il_fullxfull.4151501564_t36e.jpg,https://i.etsystatic.com/25031074/r/il/958e8a/4159410012/il_fullxfull.4159410012_o0xn.jpg,,,,,,Custom Property,Assembly,"Kit,Assembled + Painted",,,,50,other
Surfer Whirligig Plans - SVG - PDF - laser cutting - scroll saw,"These are the digital plans. Please see my other listings for the physical product or kit.
Put this little surfer out in the garden to watch him surf in the wind. Painted birch plywood, stainless steel and brass. Other wind whirligigs are available in my store.
You will need the following parts to make this model, most of which I find on Ebay. Alternatively check the physical listing to purchase just the hardware from me.

- 3mm plywood
- M3 x 16mm stainless steel machine screw
- 3mm Stainless steel rod
- 15A brass terminal block (to fit rod) x 2
- stainless steel wire 1mm (or galvanized tie wire)
- Brass eyelets 3.5mm ID 3.8mm OD x 3
- brass tube 4mm OD 0.4mm wall thickness  70mm long(To fit rod loosely)
- Brass tube 5mm OD 0.5mm wall thickness 50mm long
- M3 washer stainless steel x 3
- Eyelet flaring tool, I just use a nail with the head rounded in the grinder.
- Outdoor paint and primer if you want to protect it from the weather

The sizes above can vary depending on what you can get hold of. As long as you have easy running fits between shafts, screws, tubes, and eyelets. You may need to widen the holes in the wood if your hardware is a different size that specified above.

The files come as DXF, SVG and PDF so parts can be laser cut or scroll sawed. Files come as exact sizes and with a small offset that I found worked well in my laser cutter to account for the laser kerf and give snug fits. You may need to use offsets that work best on your machine.",14,AUD,58,"kinetic_art,automaton,karakuri,whirligig,stem,wooden_puzzle,contraption,model,make,wind,garden,scroll_saw,laser_cut_files",,https://i.etsystatic.com/25031074/r/il/ff60a4/4199153987/il_fullxfull.4199153987_28b6.jpg,https://i.etsystatic.com/25031074/r/il/f8b695/4199154055/il_fullxfull.4199154055_sr3a.jpg,https://i.etsystatic.com/25031074/r/il/e407ad/4151501628/il_fullxfull.4151501628_m184.jpg,https://i.etsystatic.com/25031074/r/il/805301/4151501564/il_fullxfull.4151501564_t36e.jpg,https://i.etsystatic.com/25031074/r/il/958e8a/4159410012/il_fullxfull.4159410012_o0xn.jpg,,,,,,,,,,,,51,other
Moving Head Illusion Robot Laser cut files svg dxf pdf,"These are digital plans to be downloaded, please message me if you would like the physical kit.
Meet Scru-Tiny the little surveillance robot that  appears to move his head as he looks about the room. In fact his only moving part is you. Scru-Tiny is an optical illusion which is quite mind bending to see. As you view it from different angles it appears as if his head is turning to look at you. It works due to your brain perceiving the geometry as inverted.
 
You will receive laser cutting plans to download as svg, or dxf. There are also pdf instructions. The files suit 2.8mm - 3.2mm wood and can be scaled to suit other material thicknesses. Please Contact me to inquire about a commercial license.",10,AUD,986,"illusion,robot,svg,automata,magic,toy,perspective,trick,maker,escape_room,educational,puzzle,laser_cut_files",,https://i.etsystatic.com/25031074/r/il/063853/7017774114/il_fullxfull.7017774114_b3ak.jpg,https://i.etsystatic.com/25031074/r/il/459590/7017774512/il_fullxfull.7017774512_4w77.jpg,https://i.etsystatic.com/25031074/r/il/c8187f/7065756235/il_fullxfull.7065756235_lm1y.jpg,https://i.etsystatic.com/25031074/r/il/bcd4b2/7017774518/il_fullxfull.7017774518_rhzh.jpg,https://i.etsystatic.com/25031074/r/il/9f3441/6104175850/il_fullxfull.6104175850_bahm.jpg,,,,,,,,,,,,52,magic tricks
Fluttering Heart Automaton SVG DXF PDF laser cutter files,"These are the digital  files. See my other listings for the physical kit version of this design.
My goal with this mechanical flapping Heart sculpture was to mimic the beautiful figure of 8 wing motion seen in insects and hummingbirds. The model is all made from laser cut parts which slot together in under an hour. It is reasonably easy to assemble with PDF instructions included. I make these from 3mm birch plywood. If your wood is between 2.9mm-3.2mm then I recommend using the files with named ""0.08 offset"". This accounts for the laser kerf and gives secure press fits for 3mm wood. If your wood is a different thickness then you can scale the files named ""exact"" and experiment with your own offsets if you want press fits. Lubricate with wax, soap or Vaseline for best results.",12,AUD,894,"kinetic_art,puzzle,wooden_puzzle,craft,valentines,gift,mechanism,robot,gizmo,romantic,karakuri,mechanical_sculpture,laser_cut_files",,https://i.etsystatic.com/25031074/r/il/355899/4526666951/il_fullxfull.4526666951_igt0.jpg,https://i.etsystatic.com/25031074/r/il/506b93/4479297714/il_fullxfull.4479297714_cb0m.jpg,https://i.etsystatic.com/25031074/r/il/dd5ceb/4526667027/il_fullxfull.4526667027_lkf3.jpg,https://i.etsystatic.com/25031074/r/il/5db36f/4526666743/il_fullxfull.4526666743_q1sj.jpg,https://i.etsystatic.com/25031074/r/il/8b9fbf/4526666871/il_fullxfull.4526666871_dbd2.jpg,https://i.etsystatic.com/25031074/r/il/b9e66d/4479297878/il_fullxfull.4479297878_jsi5.jpg,,,,,,,,,,,53,automata
Electric Origami Hummingbird Plans - Paper Automata template,"(These are digital plans only - for a physical version of this kit please check my other listings)

With just a sheet of plastic transparency paper and some copper tape you can fold up this Electric Origami Flapping Hummingbird. No motors, magnets or coils are necessary as it operates by electrostatics. (Static Electricity). No glue is required as it folds up and locks together like a box. 

This designed takes its power from a common electric fly swat racquet which supplies the 2000V required to make it flap. The bird model can fit directly to the racquet or you can remove its circuit board and fold up the origami base to put it in. 

Upon purchasing, you will receive a PDF file with plans which can be printed on a home printer. This provides the template and graphics for you to cut out.

Other materials you will need are

- 0.1mm A4 plastic transparency paper to print onto
(office supplies store)

- 6mm wide copper tape (1 meter) 
(music or lead lighting store)

- One electric fly swat with a diamond shaped mesh 
(bargain store)

- 20mm wide copper tape (20cm) (optional)

All of the above parts can be found on ebay. 

tools required 

- ink jet printer
- fine sharp scissors
- craft knife

You will receive video instructions to follow along with while building the model.
The fly swat has high voltage but low current. It will not cause any harm but can hurt like an electric fence if you are shocked, so take care to follow the instructions, remove batteries and discharge the capacitor before touching the copper terminals. If you have a pace maker or a heart condition you may want to avoid this project or take extra care.",4,AUD,84,"kirigami,origami,mechanical,sculpture,robot,automata,plans,template,paper_craft,automaton,model,hummingbird,kinetic",,https://i.etsystatic.com/25031074/r/il/853949/3578171720/il_fullxfull.3578171720_mcen.jpg,https://i.etsystatic.com/25031074/r/il/1beffa/3578171782/il_fullxfull.3578171782_aiyf.jpg,https://i.etsystatic.com/25031074/r/il/f0d581/3578165494/il_fullxfull.3578165494_nitx.jpg,https://i.etsystatic.com/25031074/r/il/d82f55/3625786029/il_fullxfull.3625786029_65hk.jpg,https://i.etsystatic.com/25031074/r/il/dcd788/3625786077/il_fullxfull.3625786077_c6bc.jpg,https://i.etsystatic.com/25031074/r/il/49032b/3578165418/il_fullxfull.3578165418_5hnu.jpg,https://i.etsystatic.com/25031074/r/il/a9e229/3625786167/il_fullxfull.3625786167_8h2b.jpg,https://i.etsystatic.com/25031074/r/il/6fb133/3578165274/il_fullxfull.3578165274_5rtp.jpg,https://i.etsystatic.com/25031074/r/il/919ed1/3578165360/il_fullxfull.3578165360_iawi.jpg,https://i.etsystatic.com/25031074/r/il/b7ce54/3625802885/il_fullxfull.3625802885_4xdg.jpg,,,,,,,54,automata
Chocolate Train Counting Squares: Educational Math Toy SVG DXF (Digital Download),"This is a digital download. Nothing is posted. Please contact me if you want the physical item.

I designed this for my child's 4th birthday to help her learn about numbers and place value. She enjoys counting, chocolate and playing shop, so turning the traditional counting squares into chocolate was a big hit. I write an order for how many blocks, sticks and squares of chocolate I want, then she loads up the train.

Download the files instantly for laser cutting. Suits any wood thickness.
Black and blue = cut
Green = score

Please contact me for commercial use.",6,AUD,999,"educational_toy,math_toy,STEM_Education,counting_cubes,lasercut_plans,laser_cutting_files,counting_game,montessori,wooden_toy,learning_tool,wooden_puzzle,wooden_train,chocolate_train",,https://i.etsystatic.com/25031074/r/il/d7b646/7178466483/il_fullxfull.7178466483_ae2l.jpg,https://i.etsystatic.com/25031074/r/il/cbf4b4/7130500060/il_fullxfull.7130500060_fs8h.jpg,https://i.etsystatic.com/25031074/r/il/9b1e37/7130500412/il_fullxfull.7130500412_f558.jpg,https://i.etsystatic.com/25031074/r/il/70401f/7178467039/il_fullxfull.7178467039_61jx.jpg,https://i.etsystatic.com/25031074/r/il/ce6302/7130500478/il_fullxfull.7130500478_k0uw.jpg,https://i.etsystatic.com/25031074/r/il/0fde76/7130500502/il_fullxfull.7130500502_6okl.jpg,https://i.etsystatic.com/25031074/r/il/f275ca/7130500522/il_fullxfull.7130500522_8n5g.jpg,https://i.etsystatic.com/25031074/r/il/8ad216/7178467139/il_fullxfull.7178467139_rc3m.jpg,,,,,,,,,55,toys and games
"Writing and Drawing automaton, Laser  Cut Mechanical Model, Science Kit","Turn the knob and Lanky Doodler will sketch out your encoded message. Write your own message like a loved ones name or pick from one of the premade messages:
 ""hello"", ""love you"", ""mum"", ""Dad"", ""happy Bday"", ""merryXmas""

The sketch is encoded in the rotating cams which control the two arms to accurately position the pencil. 

Use the online app to generate cams for your own sketch. You can then download the profiles to cut yourself or send me the generated txt file and I will laser cut them for you. If you choose the custom cam option at checkout, then you must send me a message either with an explanation of your message/sketch, or the txt file generated from your sketch in the Lanky Doodler web app
at https://www.contraptioncart.com/lankydoodler

This item comes as a kit for you to put together in 40 minutes or preassembled with the base taken off for shipping. (Expect one minute to put the base back on)

The svg and pdf files for this machine are available in a separate listing if you would like to scroll saw or laser cut all of the parts yourself. Fits a standard pencil or felt pen (for a darker sketch).",49,AUD,9,"mechanical_sculpture,mechanical_toy,wooden_puzzle,laser_cut,kinetic_art,mechanism,mechanical_model,drawing_automaton,executive_toy,automata,science,engineering,stem",,https://i.etsystatic.com/25031074/r/il/399c2a/7428826811/il_fullxfull.7428826811_61kf.jpg,https://i.etsystatic.com/25031074/r/il/a0833b/7065669237/il_fullxfull.7065669237_72fe.jpg,https://i.etsystatic.com/25031074/r/il/021b51/7380904322/il_fullxfull.7380904322_swif.jpg,https://i.etsystatic.com/25031074/r/il/3bb6fe/7065669245/il_fullxfull.7065669245_xic2.jpg,https://i.etsystatic.com/25031074/r/il/67264e/7017689444/il_fullxfull.7017689444_p6s9.jpg,https://i.etsystatic.com/25031074/r/il/59fa61/7065669239/il_fullxfull.7065669239_cohu.jpg,https://i.etsystatic.com/25031074/r/il/bd04f7/3919284207/il_fullxfull.3919284207_i7qq.jpg,https://i.etsystatic.com/25031074/r/il/c31249/3877318796/il_fullxfull.3877318796_a0do.jpg,https://i.etsystatic.com/25031074/r/il/d6ee88/3919284137/il_fullxfull.3919284137_k1jt.jpg,https://i.etsystatic.com/25031074/r/il/c09d9d/7028050159/il_fullxfull.7028050159_cao0.jpg,Custom Property,Cam,"Custom message,Hello,Love you,Mum,Dad,Happy Bday,Merry Xmas",Custom Property,Assembly,"Unassembled Kit,Assembled",56,automata
Swinging Monkey Automata Laser Cutting plans svg dxf,"These are Digital plans for downloading straight away. Nothing is posted. See my other listings for the physical kit.
These automata plans contain instructions and part files for laser cutting a mechanical swinging monkey automaton. Crank the handle to watch him swing through the trees. Attach to a wall or door using hanger tape or screws.
Files suit 3-3.2mm wood and can be scaled if your wood differs by more than 0.1mm from this thickness. 
Please read the laser cutting notes in the pdf instructions prior to cutting for best results. Please contact me for a commercial license.",14,AUD,944,"wooden_puzzles,stem,automata,craft,model_making,engineering,technology,dog,cat,machine,kinetic_art,sculpture,laser_cut_files",,https://i.etsystatic.com/25031074/r/il/f4fe17/5850384031/il_fullxfull.5850384031_pu5w.jpg,https://i.etsystatic.com/25031074/r/il/dffcd8/5849201859/il_fullxfull.5849201859_q0c6.jpg,https://i.etsystatic.com/25031074/r/il/a72b58/5801123970/il_fullxfull.5801123970_kdn3.jpg,https://i.etsystatic.com/25031074/r/il/52da51/5849197589/il_fullxfull.5849197589_gk3f.jpg,https://i.etsystatic.com/25031074/r/il/74ad37/5850325771/il_fullxfull.5850325771_kd80.jpg,https://i.etsystatic.com/25031074/r/il/c65b49/5849203955/il_fullxfull.5849203955_cgex.jpg,,,,,,,,,,,57,automata
Automata kit Bird Money Bank - Gear Box Pets,"This kit contains the parts to build your own mechanical money banking bird. Assemble the laser cut and solid wood pieces with glue and instructions provided.
Put a coin in the birds mouth and wind the handle to watch him fly around and deposit it into the coin eating flower. This kit connects with other Animals in the Gearbox pet series, making them all move together.",55,AUD,17,"mechanical_model,wooden_puzzle,automata_kit,bird,money_bank,automaton,kinetic_art,mechanical_toy,flapping_bird,stem_education,robot,moving_toy,laser_cut",,https://i.etsystatic.com/25031074/r/il/0222dd/3203550682/il_fullxfull.3203550682_iyzb.jpg,https://i.etsystatic.com/25031074/r/il/4486c8/3203551604/il_fullxfull.3203551604_rro6.jpg,https://i.etsystatic.com/25031074/r/il/9979db/3203553146/il_fullxfull.3203553146_hypc.jpg,https://i.etsystatic.com/25031074/r/il/9be3b4/3251258721/il_fullxfull.3251258721_p7ze.jpg,,,,,,,,,,,,,58,automata
"Sword Through Finger Magic Trick, laser cut illusion puzzle, wooden DIY kit","Magically push a wooden sword right through your finger with this secret contraption. It comes either fully assembled, or as a kit with instructions so that you can build it yourself. This gimmick is a fun craft project for kids and adults and an entertaining addition to your magician's performance.

See all of my Magic tricks at
https://contraptioncart.etsy.com?section_id=55798303

To keep up to date with my upcoming designs, please follow me on instagram @contraptioncart",40,AUD,13,"magic_trick,sword_trick,sword_through_finger,knife_illusion,mechanical_model,maker_kit,gimmick,craft_project,stem_kit,executive_toy,mystery_box,puzzle_box,laser_cut_kit",,https://i.etsystatic.com/25031074/r/il/6131c9/7304342262/il_fullxfull.7304342262_3pqw.jpg,https://i.etsystatic.com/25031074/r/il/d70d0d/7304342300/il_fullxfull.7304342300_h37t.jpg,https://i.etsystatic.com/25031074/r/il/20486a/7352295687/il_fullxfull.7352295687_f2yh.jpg,https://i.etsystatic.com/25031074/r/il/080294/7304342350/il_fullxfull.7304342350_ii9w.jpg,https://i.etsystatic.com/25031074/r/il/f273fe/7304342352/il_fullxfull.7304342352_740i.jpg,https://i.etsystatic.com/25031074/r/il/131445/7352295749/il_fullxfull.7352295749_1s3b.jpg,https://i.etsystatic.com/25031074/r/il/d4aa6d/7314637021/il_fullxfull.7314637021_rtz3.jpg,,,,Custom Property,assembly,"kit,assembled",,,,60,magic tricks
Climbing Gorilla Pulley Toy Kit: Pet Automata Mechanism,This is the physical kit. Digital plans are available as a separate listing. Build your own little climbing Gorilla with this kit. Hang him in your window and pull the string to make him climb hand over hand up the string.,32,AUD,10,"automata,toys,craft_kit,wooden_toys,gorilla,mechanical_model,kinetic_art,mechanical_toys,STEM,make,education,gift",Wood,https://i.etsystatic.com/25031074/r/il/7fe8fb/4872386232/il_fullxfull.4872386232_hgbf.jpg,https://i.etsystatic.com/25031074/r/il/315f3c/4920652869/il_fullxfull.4920652869_b1un.jpg,https://i.etsystatic.com/25031074/r/il/3ad9a6/4920653583/il_fullxfull.4920653583_301u.jpg,https://i.etsystatic.com/25031074/r/il/803b12/4872387924/il_fullxfull.4872387924_cdnh.jpg,https://i.etsystatic.com/25031074/r/il/7bec8d/2530762026/il_fullxfull.2530762026_lozd.jpg,https://i.etsystatic.com/25031074/r/il/2f5a8a/4920654223/il_fullxfull.4920654223_g9kp.jpg,https://i.etsystatic.com/25031074/r/il/2c8f01/4872388644/il_fullxfull.4872388644_l7pn.jpg,,,,,,,,,,59,automata
Goldfish Automata Kit - Wooden Mechanical Fish,"Build your own mechanical pet Goldfish. Turn the handle to make it swim around the tank. Tail and fins wiggle. This is also a fortune telling machine. First ask the fish a question. Put the little ball into the fish's mouth. He will swim around, open the mechanical iris and spit the ball into it. Open the drawer to see the answer to your question. This kit comes with all of the parts you need to assemble the moving model. This kit connects like a puzzle piece to other animals in the Gear Box Pet collection, allowing them to all move together in synchrony.",55,AUD,9,"automata,goldfish,fish,mechanical,toy,kinetic,robot,model,moving_model,engineering,stem,puzzle,make",,https://i.etsystatic.com/25031074/r/il/54d3fc/3277769191/il_fullxfull.3277769191_chd1.jpg,https://i.etsystatic.com/25031074/r/il/dbfe49/3230086128/il_fullxfull.3230086128_au7d.jpg,https://i.etsystatic.com/25031074/r/il/3130e8/3230090922/il_fullxfull.3230090922_5cst.jpg,https://i.etsystatic.com/25031074/r/il/da9038/3230095764/il_fullxfull.3230095764_doti.jpg,https://i.etsystatic.com/25031074/r/il/209f3e/3230110444/il_fullxfull.3230110444_rft9.jpg,https://i.etsystatic.com/25031074/r/il/260abd/3277804971/il_fullxfull.3277804971_c9m7.jpg,,,,,,,,,,,61,puzzle boxes
"Toddler Ride On Dog Toy Plans: Sweeping Car, DXF SVG PDF","These are the digital plans. For the physical item please see my other listings.
A wooden toddler puppy car that actually sweeps up the floor as they go. I have had heaps of fun watching my little two year old learn to use him. I sprinkle some rice or marbles on the floor and she loves watching it disappear and reappear inside Pug Chugs tummy when she lifts the lid to peer inside. Caster wheels at the back allow for steering and rotating brushes at the front to sweep things into the catchment box. 

You will receive files for part profiles in DXF. SVG and PDF. These files come as both exact sizes and offset sizes to account for laser cutter kerf. I have cut these files from 6mm birch plywood and MDF. You may also cut them using a scroll saw or band saw. You will receive PDF instructions with visual diagrams of the assembly process.

Additional Hardware you will need:
- 6mm plywood or MDF 
- Door brush strips (hardware store)
- Plastic door seal strip (hardware store)  - These 2 items are made to go on the bottom of house doors to keep out the weather.
- 50mm Diameter threaded Caster wheels M10 (hardware store) X2
- 4inch wide Rubber inner tube  (to give the wheels traction)
- M6 Sleeve furniture nuts 18mm (M8 outer diameter) X2
- M6 flat Allen head furniture screws X2
- M6 x 1.2mm washer X2
- M8 x 1.6mm washer X6
- 2mm washer to fit caster wheel thread X2

I can send you links to where I personally order some of these parts online.
Please contact me if you would like a commercial license.",14,AUD,993,"Ride_on,Dog,Wood,Educational,Bicycle,Rocking_horse,Car,Street_sweeper,Laser_cutter_plans,scroll_saw_plans,toddler_toy,scooter,laser_cut_files",,https://i.etsystatic.com/25031074/r/il/78abf8/4998764623/il_fullxfull.4998764623_mqoe.jpg,https://i.etsystatic.com/25031074/r/il/874a80/4998765485/il_fullxfull.4998765485_q4pp.jpg,https://i.etsystatic.com/25031074/r/il/00bea8/4998766013/il_fullxfull.4998766013_4xf3.jpg,https://i.etsystatic.com/25031074/r/il/270592/4998789915/il_fullxfull.4998789915_5rez.jpg,https://i.etsystatic.com/25031074/r/il/83a9bb/4998766471/il_fullxfull.4998766471_oe6g.jpg,https://i.etsystatic.com/25031074/r/il/f79021/4998790283/il_fullxfull.4998790283_8vzp.jpg,https://i.etsystatic.com/25031074/r/il/ffbf15/4998790527/il_fullxfull.4998790527_1rin.jpg,,,,,,,,,,62,toys and games
"Mini Arcade Driving Game: Wind-Up Music Box, Laser Cut Wood Kit","Build your own mini driving arcade game. It is powered by a beautiful gold wind up music box and constructed from push together plywood parts. Wind up the machine, then steer your car through the obstacles. Collect the two themes. Country Lane and City Traffic. You can even get creative and draw your own roads on a sheet of paper to wrap onto the barrel. This can be a novel desk top office toy, kids game and educational craft project for children or adults. The reccomend age is 8 and above. Allow around one hour for building the model.",80,AUD,91,"arcade_game,desk_toy,wind_up_toy,music_box,mechanical_model,car_toy,cool_stuff,dad_gift,stem_toy,construction_project,engineer,maker_kit,build_and_play",,https://i.etsystatic.com/25031074/r/il/0551df/6652167125/il_fullxfull.6652167125_7sp9.jpg,https://i.etsystatic.com/25031074/r/il/e92e2e/6604068228/il_fullxfull.6604068228_24gw.jpg,https://i.etsystatic.com/25031074/r/il/1f0e11/6652168517/il_fullxfull.6652168517_8yyk.jpg,https://i.etsystatic.com/25031074/r/il/04fab4/6652168949/il_fullxfull.6652168949_1f32.jpg,https://i.etsystatic.com/25031074/r/il/153892/6652169521/il_fullxfull.6652169521_n1j9.jpg,https://i.etsystatic.com/25031074/r/il/5b549c/6604070668/il_fullxfull.6604070668_30v1.jpg,https://i.etsystatic.com/25031074/r/il/299bc6/6604071382/il_fullxfull.6604071382_iej0.jpg,https://i.etsystatic.com/25031074/r/il/b8cd88/6652145341/il_fullxfull.6652145341_pdo8.jpg,https://i.etsystatic.com/25031074/r/il/b53e7e/6663975797/il_fullxfull.6663975797_j9sa.jpg,,Custom Property,theme,"Country Lane,City Traffic",,,,63,toys and games
Fluttering Heart Automata Kit - Kinetic mechanical model - Valentines Gift,"This is the physical kit. See my other listings for the digital files for this design.
My goal with this mechanical flapping Heart sculpture was to mimic the beautiful figure of 8 wing motion seen in insects and hummingbirds. The model is all made from laser cut parts which slot together in under an hour. It is reasonably easy to assemble with instructions included.",40,AUD,10,"kinetic_art,puzzle,wooden_puzzle,valentines,mechanism,robot,gizmo,karakuri,mechanical_sculpture,laser_cut,automata,stem,wings",Wood,https://i.etsystatic.com/25031074/r/il/355899/4526666951/il_fullxfull.4526666951_igt0.jpg,https://i.etsystatic.com/25031074/r/il/506b93/4479297714/il_fullxfull.4479297714_cb0m.jpg,https://i.etsystatic.com/25031074/r/il/dd5ceb/4526667027/il_fullxfull.4526667027_lkf3.jpg,https://i.etsystatic.com/25031074/r/il/5db36f/4526666743/il_fullxfull.4526666743_q1sj.jpg,https://i.etsystatic.com/25031074/r/il/8b9fbf/4526666871/il_fullxfull.4526666871_dbd2.jpg,https://i.etsystatic.com/25031074/r/il/b9e66d/4479297878/il_fullxfull.4479297878_jsi5.jpg,,,,,,,,,,,64,automata
"Wooden Ride On Car Street Sweeper, Wheely Dog for Toddlers, Pug Toy for Babies","A wooden toddler puppy car that actually sweeps up the floor as they go. I have had heaps of fun watching my little two year old learn to use him. I sprinkle some rice or marbles on the floor and she loves watching it disappear and reappear inside Pug Chugs tummy when she lifts the lid to peer inside. Caster wheels at the back allow for steering and rotating brushes at the front to sweep things into the catchment box. 

Pug Chug is available fully assembled, or in kit form for those who enjoy a craft project. Assembly takes around one hour with the detailed visual instructions provided.",140,AUD,4,"Ride_on,Dog,Pug,Mechanical,Interactive,Wood,Educational,Bicycle,Rocking_horse,Car,Street_sweeper,Pug_chug,scooter",,https://i.etsystatic.com/25031074/r/il/78abf8/4998764623/il_fullxfull.4998764623_mqoe.jpg,https://i.etsystatic.com/25031074/r/il/874a80/4998765485/il_fullxfull.4998765485_q4pp.jpg,https://i.etsystatic.com/25031074/r/il/00bea8/4998766013/il_fullxfull.4998766013_4xf3.jpg,https://i.etsystatic.com/25031074/r/il/270592/4998789915/il_fullxfull.4998789915_5rez.jpg,https://i.etsystatic.com/25031074/r/il/83a9bb/4998766471/il_fullxfull.4998766471_oe6g.jpg,https://i.etsystatic.com/25031074/r/il/f79021/4998790283/il_fullxfull.4998790283_8vzp.jpg,https://i.etsystatic.com/25031074/r/il/ffbf15/4998790527/il_fullxfull.4998790527_1rin.jpg,,,,Custom Property,Assembly,"Kit,Assembled",,,,65,toys and games
Musical Marble Tree Laser Cut Kit,"Place marbles at the top and enjoy listening to them musically tinkle as they cascade down the petals. We used to sell these in our marble shop. Kids and adults allways loved playing with them but they were quite awkward to take away. So I designed them to come as a flat pack with instructions for you to assemble. 
Assembled Size: 20cm x 20cm x 28cm",38,AUD,14,"wooden_puzzle,laser_cut,marbles,toy,music,xylophone,rain_stick,make,craft,model,fun,child,calming",,https://i.etsystatic.com/25031074/r/il/61864a/3653840239/il_fullxfull.3653840239_jtlh.jpg,https://i.etsystatic.com/25031074/r/il/c7a337/3653754527/il_fullxfull.3653754527_fbeq.jpg,https://i.etsystatic.com/25031074/r/il/770bfb/3606139580/il_fullxfull.3606139580_tf0z.jpg,https://i.etsystatic.com/25031074/r/il/8a48bc/3653754355/il_fullxfull.3653754355_i677.jpg,,,,,,,,,,,,,66,toys and games
"Newcomb's Paradox Magic Trick: Coin Illusion with Secret Mechanism, Mental Magic","This gimmick allows you to perform a working version of the famous Newcomb’s Paradox where you the magician are able to perfectly predict the spectator’s decision before they even make it for themselves.

Newcomb’s Paradox is a philosophical thought experiment that raises questions about causality, determinism and free will. There are two boxes. Box A is open and clearly contains $1. Box B is shut and has already been set by a perfect predictor.

If the predictor has predicted that the spectator will choose only box B, then box B contains $2. If the predictor has predicted that the spectator will greedily choose both boxes, then box B contains nothing.

This thought experiment is famous because philosophers still cannot agree on which is the correct strategy in this simple game. Should the spectator choose one box or two? 

The trick may be repeated any number of times, and sure enough the magician, or their smart phone ai, is always able to predict the spectators choice, and remove the $2 coin any time before a greedy two box choice is made. This gimmick takes the story even further. The magician is able to make the coins disappear completely and finally reveal a surprise item such as a $100 bank note to magically appear from within the box.

Why is it a Paradox?
This scenario is considered a paradox because two reputable decision making principles point to different strategies. Expected utility says that we should always choose box B because we will get $2 rather than $1. Strategic dominance says the boxes are already set before you make a decision, so why not pick both and always receive the extra $1 from box A.


Entanglement
I sought a way to implement a working version of Newcomb's Paradox in the hope that it might provide some insight into the cause of the paradox. After working through this task, my current view is that the paradox arises when we fail to treat our thoughts and decisions as part of the same physics that govern everything else. Our choices do not live in some separate realm but are influenced and influence the world in which they are embedded. When we acknowledge this, we see the possibility that our choice could be entangled with the boxes and the predictor. There are ways in which I could have allowed the boxes to influence both the choice and the predictors prediction, such as lighting box A on fire, but to make this function as a magic trick I really needed the causality to work the other way around, such that a spectators choice could influence the contents of the boxes. That is precisely what this device does. A decision to remove the contents of box A, mechanically causes box B to automatically become empty. This device is essentially a No Greedy Box. It appears that the all knowing predicting magician causes box B to be empty or full, but in fact it is the spectator, and the magician is not required at all. According to the formulation of the paradox, it is only the behavior of a perfect predictor that we really ever observe. The predictor need not even exist, as long as a two box choice always leads to box B appearing empty and one box choice always leads to it appearappearing full. I achieve this entanglement with a simple mechanism hidden within the box, but one can conceive of a more complex interaction such as an advanced technology that could scan our brain and vaporize the contents of box B when it detects a two box decision. Once one sees how the two boxes are mechanically entangled, it becomes intuitive that choosing both boxes is equivalent to choosing just box A. Hence it becomes clear that box B with the higher value is the correct choice.

My hope is that this mechanism demonstrates how our decisions are themselves a physical process. They do not live in some separate isolated realm and hence in theory there is nothing to stop them interacting with the environment in highly correlated ways.


Perhaps you will think that this is breaking the rules of the game, and that box B must really be set before the choice is made. In which case, below are two alternative methods of entanglement, though harder for me to implement in a working device.

Common Cause
My favourite solution is probably the existence of a common cause. The initial conditions that caused the predictor to have a particular prediction, also caused the chooser to make a particular choice. This will not be recognisable when the common cause is small or complex but easy to intuit if it had some large scale manifestation such as Box A is on fire. The predictor can clearly see that the chooser will not choose to open a burning box. Once again box B is the rational choice in this situation.

The Perfect Predictor is You
If the predictor indeed had all of the information and computational apparatus required to predict your decision, it would be performing an exact copy of your own decision making procedure. It would essentially be you. The prediction and choice are the same event. So the scenario now becomes a choice between taking both boxes but discarding the contents of box B, or choosing just the contents from box B. 


Free Will?
So if choices are a physical process, can we still have free will? I think yes, but my definition of free will may not be regarded as such by others. My free will is simply the deterministic processes that I identify with. The values and beliefs stored within my brain that shape incoming information into decision and action. It is still deterministic and could potentially be simulated on a powerful computer. But the closer that computer got to correctly predicting my decision, the closer it would be to becoming me.


Footnote
That is my conservative stance. Though in fact I have some deep seated reservations about the viability of causality in general. It seems to me that reductionist causal explanations will always lead to infinite regress. One will always be left looking for the next cause one layer down. Perhaps rather than cause, the laws of physics are more to do with constraint. We are constrained to only be conscious of those mathematical truths that are themselves a conscious experience.",60,AUD,19,"magic_trick,magic_shop_Australia,Newcomb's_Paradox,wooden_magic_tricks,coin_illusion,instant_money_trick,philosophy_toys,mechanical_toy,escape_room,mystery_box,secret_box,puzzle_box,magic_mechanism",Plywood,https://i.etsystatic.com/25031074/r/il/a4bbac/7239250353/il_fullxfull.7239250353_iu74.jpg,https://i.etsystatic.com/25031074/r/il/a615ed/7239251049/il_fullxfull.7239251049_4lm8.jpg,https://i.etsystatic.com/25031074/r/il/6a9067/7239251143/il_fullxfull.7239251143_1np5.jpg,https://i.etsystatic.com/25031074/r/il/e0d95b/7239251057/il_fullxfull.7239251057_e3on.jpg,https://i.etsystatic.com/25031074/r/il/fcee08/7191275868/il_fullxfull.7191275868_28bw.jpg,https://i.etsystatic.com/25031074/r/il/c956f9/7191275854/il_fullxfull.7191275854_g6ap.jpg,https://i.etsystatic.com/25031074/r/il/848035/7239251621/il_fullxfull.7239251621_awno.jpg,,,,,,,,,,67,magic tricks
